timestamp,topic,loco_id,event,phase,station,offset,commanded_pwm,actual_pwm,note,seq,source_line
2026-08-08T21:58:12-0700,ngr/loco/9950011/state/station,9950011,START_INTERVAL_REFUSED,0,NONE,0,0,0,SET_SESSION_DIRECTION_FIRST,1,22019
2026-08-08T21:58:14-0700,ngr/loco/9950011/state/station,9950011,RESET,0,NONE,999,0,0,SESSION_DIRECTION_SET,,22030
2026-08-08T21:58:26-0700,ngr/loco/9950011/state/station,9950011,START_INTERVAL_SET,0,NONE,0,0,0,CCW_DECLARED_AT_UPPER,,22076
2026-08-08T21:58:29-0700,ngr/loco/9950011/state/station,9950011,RESET,0,NONE,999,0,0,AUTO_CHANGED,,22090
2026-08-08T22:00:02-0700,ngr/loco/9950011/state/station,9950011,DIR_REFUSED,0,NONE,0,0,70,REDUCE_THROTTLE_TO_20_OR_BELOW_FIRST,2,22492
2026-08-08T22:01:14-0700,ngr/loco/9950011/state/station,9950011,DIR_REFUSED,0,NONE,0,141,65,REDUCE_THROTTLE_TO_20_OR_BELOW_FIRST,3,22933
2026-08-08T22:01:19-0700,ngr/loco/9950011/state/station,9950011,DIR_REFUSED,0,NONE,0,141,100,REDUCE_THROTTLE_TO_20_OR_BELOW_FIRST,4,22963
2026-08-08T22:17:52-0700,ngr/loco/9950011/state/station,9950011,RESET,0,NONE,999,0,0,SESSION_DIRECTION_SET,,25540
2026-08-08T22:18:03-0700,ngr/loco/9950011/state/station,9950011,START_INTERVAL_SET,0,NONE,0,0,0,CCW_DECLARED_AT_UPPER,,25574
2026-08-08T22:18:10-0700,ngr/loco/9950011/state/station,9950011,RESET,0,NONE,999,0,0,AUTO_CHANGED,,25598
2026-08-08T22:18:50-0700,ngr/loco/9950011/state/station,9950011,GO,0,NONE,0,100,0,LAUNCH,,25706
2026-08-08T22:19:06-0700,ngr/loco/9950011/state/station,9950011,ARMED,1,Arches,-12,100,100,RANGE_ARM_NORMAL,,25768
2026-08-08T22:19:07-0700,ngr/loco/9950011/state/station,9950011,APPROACH,1,Arches,-10,92,100,DERIVED_CRUISE_TO_ZONE,,25781
2026-08-08T22:19:08-0700,ngr/loco/9950011/state/station,9950011,APPROACH,1,Arches,-9,84,94,DERIVED_CRUISE_TO_ZONE,,25788
2026-08-08T22:19:10-0700,ngr/loco/9950011/state/station,9950011,APPROACH,1,Arches,-8,76,86,DERIVED_CRUISE_TO_ZONE,,25796
2026-08-08T22:19:11-0700,ngr/loco/9950011/state/station,9950011,APPROACH,1,Arches,-7,68,78,DERIVED_CRUISE_TO_ZONE,,25806
2026-08-08T22:19:12-0700,ngr/loco/9950011/state/station,9950011,APPROACH,1,Arches,-6,60,69,DERIVED_CRUISE_TO_ZONE,,25814
2026-08-08T22:19:15-0700,ngr/loco/9950011/state/station,9950011,ZONE_HOLD,1,Arches,-5,60,60,HOLD_60,,25824
2026-08-08T22:19:17-0700,ngr/loco/9950011/state/station,9950011,ZONE_HOLD,1,Arches,-4,60,60,HOLD_60,,25835
2026-08-08T22:19:19-0700,ngr/loco/9950011/state/station,9950011,ZONE_HOLD,1,Arches,-3,60,60,HOLD_60,,25844
2026-08-08T22:19:22-0700,ngr/loco/9950011/state/station,9950011,ZONE_HOLD,1,Arches,-2,60,60,HOLD_60,,25856
2026-08-08T22:19:24-0700,ngr/loco/9950011/state/station,9950011,ZONE_HOLD,1,Arches,-1,60,60,HOLD_60,,25864
2026-08-08T22:19:26-0700,ngr/loco/9950011/state/station,9950011,FINAL_APPROACH,2,Arches,0,60,60,LOCATION_TRIGGERED_TARGETS,,25875
2026-08-08T22:19:26-0700,ngr/loco/9950011/state/station,9950011,FINAL_TARGET,2,Arches,0,60,60,AT_CENTRE_ZONE_SPEED,,25876
2026-08-08T22:19:28-0700,ngr/loco/9950011/state/station,9950011,FINAL_TARGET,2,Arches,1,45,60,M_PLUS_1_FINAL_SPEED,,25884
2026-08-08T22:19:31-0700,ngr/loco/9950011/state/station,9950011,ZERO_RAMP,3,Arches,2,0,45,TRIGGER_M2_REACHED,,25898
2026-08-08T22:19:34-0700,ngr/loco/9950011/state/station,9950011,DWELL_BEGIN,4,Arches,2,0,0,FIXED_DWELL,,25907
2026-08-08T22:19:49-0700,ngr/loco/9950011/state/station,9950011,DWELL_COMPLETE,5,Arches,2,100,0,DEPART_TO_CRUISE,,25947
2026-08-08T22:19:55-0700,ngr/loco/9950011/state/station,9950011,DEPARTURE_COMPLETE,5,Arches,5,100,100,CLEARED_ZONE,,25970
2026-08-08T22:19:55-0700,ngr/loco/9950011/state/station,9950011,RESET,0,NONE,999,100,100,DEPARTED,,25971
2026-08-08T22:22:37-0700,ngr/loco/9950011/state/station,9950011,ARMED,1,Arches,-12,100,100,RANGE_ARM_NORMAL,,26858
2026-08-08T22:22:39-0700,ngr/loco/9950011/state/station,9950011,APPROACH,1,Arches,-10,92,100,DERIVED_CRUISE_TO_ZONE,,26868
2026-08-08T22:22:40-0700,ngr/loco/9950011/state/station,9950011,APPROACH,1,Arches,-9,84,94,DERIVED_CRUISE_TO_ZONE,,26875
2026-08-08T22:22:41-0700,ngr/loco/9950011/state/station,9950011,APPROACH,1,Arches,-8,76,86,DERIVED_CRUISE_TO_ZONE,,26883
2026-08-08T22:22:42-0700,ngr/loco/9950011/state/station,9950011,APPROACH,1,Arches,-7,68,78,DERIVED_CRUISE_TO_ZONE,,26893
2026-08-08T22:22:44-0700,ngr/loco/9950011/state/station,9950011,APPROACH,1,Arches,-6,60,69,DERIVED_CRUISE_TO_ZONE,,26901
2026-08-08T22:22:46-0700,ngr/loco/9950011/state/station,9950011,ZONE_HOLD,1,Arches,-5,60,60,HOLD_60,,26910
2026-08-08T22:22:48-0700,ngr/loco/9950011/state/station,9950011,ZONE_HOLD,1,Arches,-4,60,60,HOLD_60,,26922
2026-08-08T22:22:51-0700,ngr/loco/9950011/state/station,9950011,ZONE_HOLD,1,Arches,-3,60,60,HOLD_60,,26931
2026-08-08T22:22:53-0700,ngr/loco/9950011/state/station,9950011,ZONE_HOLD,1,Arches,-2,60,60,HOLD_60,,26942
2026-08-08T22:22:55-0700,ngr/loco/9950011/state/station,9950011,ZONE_HOLD,1,Arches,-1,60,60,HOLD_60,,26951
2026-08-08T22:22:57-0700,ngr/loco/9950011/state/station,9950011,FINAL_APPROACH,2,Arches,0,60,60,LOCATION_TRIGGERED_TARGETS,,26962
2026-08-08T22:22:57-0700,ngr/loco/9950011/state/station,9950011,FINAL_TARGET,2,Arches,0,60,60,AT_CENTRE_ZONE_SPEED,,26963
2026-08-08T22:22:59-0700,ngr/loco/9950011/state/station,9950011,FINAL_TARGET,2,Arches,1,45,60,M_PLUS_1_FINAL_SPEED,,26971
2026-08-08T22:23:03-0700,ngr/loco/9950011/state/station,9950011,ZERO_RAMP,3,Arches,2,0,45,TRIGGER_M2_REACHED,,26985
2026-08-08T22:23:05-0700,ngr/loco/9950011/state/station,9950011,DWELL_BEGIN,4,Arches,2,0,0,FIXED_DWELL,,26994
2026-08-08T22:23:20-0700,ngr/loco/9950011/state/station,9950011,DWELL_COMPLETE,5,Arches,2,100,0,DEPART_TO_CRUISE,,27034
2026-08-08T22:23:25-0700,ngr/loco/9950011/state/station,9950011,DEPARTURE_COMPLETE,5,Arches,5,100,100,CLEARED_ZONE,,27057
2026-08-08T22:23:25-0700,ngr/loco/9950011/state/station,9950011,RESET,0,NONE,999,100,100,DEPARTED,,27058
2026-08-08T23:01:19-0700,ngr/loco/9950011/state/station,9950011,RESET,0,NONE,999,0,0,ESTOP,,30589
2026-08-08T23:03:20-0700,ngr/loco/9950011/state/station,9950011,ARMED,1,Grillers,-12,100,90,RANGE_ARM_NORMAL,,30677
2026-08-08T23:03:22-0700,ngr/loco/9950011/state/station,9950011,APPROACH,1,Grillers,-10,95,100,DERIVED_CRUISE_TO_ZONE,,30690
2026-08-08T23:03:23-0700,ngr/loco/9950011/state/station,9950011,APPROACH,1,Grillers,-9,89,96,DERIVED_CRUISE_TO_ZONE,,30699
2026-08-08T23:03:24-0700,ngr/loco/9950011/state/station,9950011,APPROACH,1,Grillers,-8,84,90,DERIVED_CRUISE_TO_ZONE,,30710
2026-08-08T23:03:25-0700,ngr/loco/9950011/state/station,9950011,APPROACH,1,Grillers,-7,78,85,DERIVED_CRUISE_TO_ZONE,,30717
2026-08-08T23:03:27-0700,ngr/loco/9950011/state/station,9950011,APPROACH,1,Grillers,-6,72,79,DERIVED_CRUISE_TO_ZONE,,30727
2026-08-08T23:12:25-0700,ngr/loco/9950011/state/station,9950011,ARMED,1,Patio,-12,100,100,RANGE_ARM_NORMAL,,30783
2026-08-08T23:12:28-0700,ngr/loco/9950011/state/station,9950011,APPROACH,1,Patio,-10,92,100,DERIVED_CRUISE_TO_ZONE,,30800
2026-08-08T23:12:30-0700,ngr/loco/9950011/state/station,9950011,APPROACH,1,Patio,-9,84,93,DERIVED_CRUISE_TO_ZONE,,30809
2026-08-08T23:12:31-0700,ngr/loco/9950011/state/station,9950011,APPROACH,1,Patio,-8,76,85,DERIVED_CRUISE_TO_ZONE,,30818
2026-08-08T23:12:33-0700,ngr/loco/9950011/state/station,9950011,APPROACH,1,Patio,-7,68,77,DERIVED_CRUISE_TO_ZONE,,30831
2026-08-08T23:12:35-0700,ngr/loco/9950011/state/station,9950011,APPROACH,1,Patio,-6,60,69,DERIVED_CRUISE_TO_ZONE,,30841
2026-08-08T23:12:37-0700,ngr/loco/9950011/state/station,9950011,ZONE_HOLD,1,Patio,-5,60,60,HOLD_60,,30851
2026-08-08T23:12:40-0700,ngr/loco/9950011/state/station,9950011,ZONE_HOLD,1,Patio,-4,60,60,HOLD_60,,30865
2026-08-08T23:12:43-0700,ngr/loco/9950011/state/station,9950011,ZONE_HOLD,1,Patio,-3,60,60,HOLD_60,,30876
2026-08-08T23:12:45-0700,ngr/loco/9950011/state/station,9950011,ZONE_HOLD,1,Patio,-2,60,60,HOLD_60,,30889
2026-08-08T23:12:48-0700,ngr/loco/9950011/state/station,9950011,ZONE_HOLD,1,Patio,-1,60,60,HOLD_60,,30900
2026-08-08T23:12:51-0700,ngr/loco/9950011/state/station,9950011,FINAL_APPROACH,2,Patio,0,60,60,LOCATION_TRIGGERED_TARGETS,,30914
2026-08-08T23:12:51-0700,ngr/loco/9950011/state/station,9950011,FINAL_TARGET,2,Patio,0,60,60,AT_CENTRE_ZONE_SPEED,,30915
2026-08-08T23:12:54-0700,ngr/loco/9950011/state/station,9950011,FINAL_TARGET,2,Patio,1,45,60,M_PLUS_1_FINAL_SPEED,,30929
2026-08-08T23:12:58-0700,ngr/loco/9950011/state/station,9950011,ZERO_RAMP,3,Patio,2,0,45,TRIGGER_M2_REACHED,,30945
2026-08-08T23:13:01-0700,ngr/loco/9950011/state/station,9950011,DWELL_BEGIN,4,Patio,2,0,0,FIXED_DWELL,,30958
2026-08-08T23:14:35-0700,ngr/loco/9950011/state/station,9950011,DWELL_COMPLETE,5,Grillers,1,100,0,DEPART_TO_CRUISE,,30986
2026-08-08T23:14:41-0700,ngr/loco/9950011/state/station,9950011,DEPARTURE_COMPLETE,5,Grillers,4,100,100,CLEARED_ZONE,,31014
2026-08-08T23:14:41-0700,ngr/loco/9950011/state/station,9950011,RESET,0,NONE,999,100,100,DEPARTED,,31015
2026-08-08T23:15:12-0700,ngr/loco/9950011/state/station,9950011,ARMED,1,Arches,-12,100,100,RANGE_ARM_NORMAL,,31201
2026-08-08T23:15:14-0700,ngr/loco/9950011/state/station,9950011,APPROACH,1,Arches,-10,92,100,DERIVED_CRUISE_TO_ZONE,,31217
2026-08-08T23:15:15-0700,ngr/loco/9950011/state/station,9950011,APPROACH,1,Arches,-9,84,93,DERIVED_CRUISE_TO_ZONE,,31225
2026-08-08T23:15:17-0700,ngr/loco/9950011/state/station,9950011,APPROACH,1,Arches,-8,76,86,DERIVED_CRUISE_TO_ZONE,,31233
2026-08-08T23:15:18-0700,ngr/loco/9950011/state/station,9950011,APPROACH,1,Arches,-7,68,77,DERIVED_CRUISE_TO_ZONE,,31242
2026-08-08T23:15:20-0700,ngr/loco/9950011/state/station,9950011,APPROACH,1,Arches,-6,60,69,DERIVED_CRUISE_TO_ZONE,,31253
2026-08-08T23:15:22-0700,ngr/loco/9950011/state/station,9950011,ZONE_HOLD,1,Arches,-5,60,61,HOLD_60,,31263
2026-08-08T23:15:23-0700,ngr/loco/9950011/state/station,9950011,ZONE_HOLD,1,Arches,-4,60,60,HOLD_60,,31275
2026-08-08T23:15:25-0700,ngr/loco/9950011/state/station,9950011,ZONE_HOLD,1,Arches,-3,60,60,HOLD_60,,31284
2026-08-08T23:15:27-0700,ngr/loco/9950011/state/station,9950011,ZONE_HOLD,1,Arches,-2,60,60,HOLD_60,,31292
2026-08-08T23:15:29-0700,ngr/loco/9950011/state/station,9950011,ZONE_HOLD,1,Arches,-1,60,60,HOLD_60,,31304
2026-08-08T23:15:31-0700,ngr/loco/9950011/state/station,9950011,FINAL_APPROACH,2,Arches,0,60,60,LOCATION_TRIGGERED_TARGETS,,31313
2026-08-08T23:15:31-0700,ngr/loco/9950011/state/station,9950011,FINAL_TARGET,2,Arches,0,60,60,AT_CENTRE_ZONE_SPEED,,31314
2026-08-08T23:15:33-0700,ngr/loco/9950011/state/station,9950011,FINAL_TARGET,2,Arches,1,45,60,M_PLUS_1_FINAL_SPEED,,31324
2026-08-08T23:15:37-0700,ngr/loco/9950011/state/station,9950011,ZERO_RAMP,3,Arches,2,0,45,TRIGGER_M2_REACHED,,31342
2026-08-08T23:15:40-0700,ngr/loco/9950011/state/station,9950011,DWELL_BEGIN,4,Arches,2,0,0,FIXED_DWELL,,31354
2026-08-08T23:15:55-0700,ngr/loco/9950011/state/station,9950011,DWELL_COMPLETE,5,Arches,2,100,0,DEPART_TO_CRUISE,,31402
2026-08-08T23:16:01-0700,ngr/loco/9950011/state/station,9950011,DEPARTURE_COMPLETE,5,Arches,5,100,100,CLEARED_ZONE,,31430
2026-08-08T23:16:01-0700,ngr/loco/9950011/state/station,9950011,RESET,0,NONE,999,100,100,DEPARTED,,31431
2026-08-08T23:16:35-0700,ngr/loco/9950011/state/station,9950011,ARMED,1,Bamboo,-12,100,100,RANGE_ARM_NORMAL,,31634
2026-08-08T23:16:37-0700,ngr/loco/9950011/state/station,9950011,APPROACH,1,Bamboo,-10,92,100,DERIVED_CRUISE_TO_ZONE,,31647
2026-08-08T23:16:38-0700,ngr/loco/9950011/state/station,9950011,APPROACH,1,Bamboo,-9,84,93,DERIVED_CRUISE_TO_ZONE,,31655
2026-08-08T23:16:39-0700,ngr/loco/9950011/state/station,9950011,APPROACH,1,Bamboo,-8,76,86,DERIVED_CRUISE_TO_ZONE,,31666
2026-08-08T23:16:41-0700,ngr/loco/9950011/state/station,9950011,APPROACH,1,Bamboo,-7,68,77,DERIVED_CRUISE_TO_ZONE,,31673
2026-08-08T23:16:42-0700,ngr/loco/9950011/state/station,9950011,APPROACH,1,Bamboo,-6,60,69,DERIVED_CRUISE_TO_ZONE,,31683
2026-08-08T23:16:44-0700,ngr/loco/9950011/state/station,9950011,ZONE_HOLD,1,Bamboo,-5,60,60,HOLD_60,,31696
2026-08-08T23:16:46-0700,ngr/loco/9950011/state/station,9950011,ZONE_HOLD,1,Bamboo,-4,60,60,HOLD_60,,31705
2026-08-08T23:16:49-0700,ngr/loco/9950011/state/station,9950011,ZONE_HOLD,1,Bamboo,-3,60,60,HOLD_60,,31718
2026-08-08T23:16:51-0700,ngr/loco/9950011/state/station,9950011,ZONE_HOLD,1,Bamboo,-2,60,60,HOLD_60,,31729
2026-08-08T23:16:54-0700,ngr/loco/9950011/state/station,9950011,ZONE_HOLD,1,Bamboo,-1,60,60,HOLD_60,,31742
2026-08-08T23:16:57-0700,ngr/loco/9950011/state/station,9950011,FINAL_APPROACH,2,Bamboo,0,60,60,LOCATION_TRIGGERED_TARGETS,,31752
2026-08-08T23:16:57-0700,ngr/loco/9950011/state/station,9950011,FINAL_TARGET,2,Bamboo,0,60,60,AT_CENTRE_ZONE_SPEED,,31753
2026-08-08T23:16:59-0700,ngr/loco/9950011/state/station,9950011,ZERO_RAMP,3,Bamboo,1,0,60,TRIGGER_M2_REACHED,,31768
2026-08-08T23:17:02-0700,ngr/loco/9950011/state/station,9950011,DWELL_BEGIN,4,Bamboo,1,0,0,FIXED_DWELL,,31777
2026-08-08T23:17:17-0700,ngr/loco/9950011/state/station,9950011,DWELL_COMPLETE,5,Bamboo,1,100,0,DEPART_TO_CRUISE,,31825
2026-08-08T23:17:22-0700,ngr/loco/9950011/state/station,9950011,DEPARTURE_COMPLETE,5,Bamboo,4,100,100,CLEARED_ZONE,,31851
2026-08-08T23:17:22-0700,ngr/loco/9950011/state/station,9950011,RESET,0,NONE,999,100,100,DEPARTED,,31852
2026-08-08T23:17:39-0700,ngr/loco/9950011/state/station,9950011,ARMED,1,Patio,-12,100,100,RANGE_ARM_NORMAL,,31947
2026-08-08T23:17:42-0700,ngr/loco/9950011/state/station,9950011,APPROACH,1,Patio,-10,92,100,DERIVED_CRUISE_TO_ZONE,,31961
2026-08-08T23:17:44-0700,ngr/loco/9950011/state/station,9950011,APPROACH,1,Patio,-9,84,93,DERIVED_CRUISE_TO_ZONE,,31973
2026-08-08T23:17:45-0700,ngr/loco/9950011/state/station,9950011,APPROACH,1,Patio,-8,76,85,DERIVED_CRUISE_TO_ZONE,,31982
2026-08-08T23:17:47-0700,ngr/loco/9950011/state/station,9950011,APPROACH,1,Patio,-7,68,77,DERIVED_CRUISE_TO_ZONE,,31992
2026-08-08T23:17:49-0700,ngr/loco/9950011/state/station,9950011,APPROACH,1,Patio,-6,60,69,DERIVED_CRUISE_TO_ZONE,,32005
2026-08-08T23:17:51-0700,ngr/loco/9950011/state/station,9950011,ZONE_HOLD,1,Patio,-5,60,60,HOLD_60,,32015
2026-08-08T23:17:54-0700,ngr/loco/9950011/state/station,9950011,ZONE_HOLD,1,Patio,-4,60,60,HOLD_60,,32029
2026-08-08T23:17:57-0700,ngr/loco/9950011/state/station,9950011,ZONE_HOLD,1,Patio,-3,60,60,HOLD_60,,32040
2026-08-08T23:17:59-0700,ngr/loco/9950011/state/station,9950011,ZONE_HOLD,1,Patio,-2,60,60,HOLD_60,,32053
2026-08-08T23:18:02-0700,ngr/loco/9950011/state/station,9950011,ZONE_HOLD,1,Patio,-1,60,60,HOLD_60,,32064
2026-08-08T23:18:05-0700,ngr/loco/9950011/state/station,9950011,FINAL_APPROACH,2,Patio,0,60,60,LOCATION_TRIGGERED_TARGETS,,32078
2026-08-08T23:18:05-0700,ngr/loco/9950011/state/station,9950011,FINAL_TARGET,2,Patio,0,60,60,AT_CENTRE_ZONE_SPEED,,32079
2026-08-08T23:18:08-0700,ngr/loco/9950011/state/station,9950011,FINAL_TARGET,2,Patio,1,45,60,M_PLUS_1_FINAL_SPEED,,32090
2026-08-08T23:18:12-0700,ngr/loco/9950011/state/station,9950011,ZERO_RAMP,3,Patio,2,0,45,TRIGGER_M2_REACHED,,32109
2026-08-08T23:18:15-0700,ngr/loco/9950011/state/station,9950011,DWELL_BEGIN,4,Patio,2,0,0,FIXED_DWELL,,32122
2026-08-08T23:18:30-0700,ngr/loco/9950011/state/station,9950011,DWELL_COMPLETE,5,Patio,2,100,0,DEPART_TO_CRUISE,,32169
2026-08-08T23:18:35-0700,ngr/loco/9950011/state/station,9950011,DEPARTURE_COMPLETE,5,Patio,5,100,100,CLEARED_ZONE,,32196
2026-08-08T23:18:35-0700,ngr/loco/9950011/state/station,9950011,RESET,0,NONE,999,100,100,DEPARTED,,32197
2026-08-08T23:19:09-0700,ngr/loco/9950011/state/station,9950011,ARMED,1,Grillers,-12,100,100,RANGE_ARM_NORMAL,,32393
2026-08-08T23:19:10-0700,ngr/loco/9950011/state/station,9950011,APPROACH,1,Grillers,-10,95,100,DERIVED_CRUISE_TO_ZONE,,32405
2026-08-08T23:19:11-0700,ngr/loco/9950011/state/station,9950011,APPROACH,1,Grillers,-9,89,96,DERIVED_CRUISE_TO_ZONE,,32413
2026-08-08T23:19:12-0700,ngr/loco/9950011/state/station,9950011,APPROACH,1,Grillers,-8,84,90,DERIVED_CRUISE_TO_ZONE,,32420
2026-08-08T23:19:14-0700,ngr/loco/9950011/state/station,9950011,APPROACH,1,Grillers,-7,78,85,DERIVED_CRUISE_TO_ZONE,,32432
2026-08-08T23:19:15-0700,ngr/loco/9950011/state/station,9950011,APPROACH,1,Grillers,-6,72,79,DERIVED_CRUISE_TO_ZONE,,32441
2026-08-08T23:19:17-0700,ngr/loco/9950011/state/station,9950011,ZONE_HOLD,1,Grillers,-5,72,73,HOLD_60,,32450
2026-08-08T23:19:18-0700,ngr/loco/9950011/state/station,9950011,ZONE_HOLD,1,Grillers,-4,72,72,HOLD_60,,32460
2026-08-08T23:19:20-0700,ngr/loco/9950011/state/station,9950011,ZONE_HOLD,1,Grillers,-3,72,72,HOLD_60,,32469
2026-08-08T23:19:23-0700,ngr/loco/9950011/state/station,9950011,ZONE_HOLD,1,Grillers,-2,72,72,HOLD_60,,32480
2026-08-08T23:19:25-0700,ngr/loco/9950011/state/station,9950011,ZONE_HOLD,1,Grillers,-1,72,72,HOLD_60,,32493
2026-08-08T23:19:28-0700,ngr/loco/9950011/state/station,9950011,FINAL_APPROACH,2,Grillers,0,72,72,LOCATION_TRIGGERED_TARGETS,,32503
2026-08-08T23:19:28-0700,ngr/loco/9950011/state/station,9950011,FINAL_TARGET,2,Grillers,0,72,72,AT_CENTRE_ZONE_SPEED,,32504
2026-08-08T23:19:30-0700,ngr/loco/9950011/state/station,9950011,ZERO_RAMP,3,Grillers,1,0,72,TRIGGER_M2_REACHED,,32517
2026-08-08T23:19:33-0700,ngr/loco/9950011/state/station,9950011,DWELL_BEGIN,4,Grillers,1,0,0,FIXED_DWELL,,32531
2026-08-08T23:19:48-0700,ngr/loco/9950011/state/station,9950011,DWELL_COMPLETE,5,Grillers,1,100,0,DEPART_TO_CRUISE,,32578
2026-08-08T23:19:54-0700,ngr/loco/9950011/state/station,9950011,DEPARTURE_COMPLETE,5,Grillers,4,100,100,CLEARED_ZONE,,32606
2026-08-08T23:19:54-0700,ngr/loco/9950011/state/station,9950011,RESET,0,NONE,999,100,100,DEPARTED,,32607
2026-08-08T23:20:26-0700,ngr/loco/9950011/state/station,9950011,ARMED,1,Arches,-12,100,100,RANGE_ARM_NORMAL,,32790
2026-08-08T23:20:28-0700,ngr/loco/9950011/state/station,9950011,APPROACH,1,Arches,-10,92,100,DERIVED_CRUISE_TO_ZONE,,32803
2026-08-08T23:20:29-0700,ngr/loco/9950011/state/station,9950011,APPROACH,1,Arches,-9,84,94,DERIVED_CRUISE_TO_ZONE,,32815
2026-08-08T23:20:30-0700,ngr/loco/9950011/state/station,9950011,APPROACH,1,Arches,-8,76,86,DERIVED_CRUISE_TO_ZONE,,32822
2026-08-08T23:20:32-0700,ngr/loco/9950011/state/station,9950011,APPROACH,1,Arches,-7,68,77,DERIVED_CRUISE_TO_ZONE,,32830
2026-08-08T23:20:33-0700,ngr/loco/9950011/state/station,9950011,APPROACH,1,Arches,-6,60,69,DERIVED_CRUISE_TO_ZONE,,32840
2026-08-08T23:20:35-0700,ngr/loco/9950011/state/station,9950011,ZONE_HOLD,1,Arches,-5,60,61,HOLD_60,,32853
2026-08-08T23:20:37-0700,ngr/loco/9950011/state/station,9950011,ZONE_HOLD,1,Arches,-4,60,60,HOLD_60,,32860
2026-08-08T23:20:39-0700,ngr/loco/9950011/state/station,9950011,ZONE_HOLD,1,Arches,-3,60,60,HOLD_60,,32871
2026-08-08T23:20:40-0700,ngr/loco/9950011/state/station,9950011,ZONE_HOLD,1,Arches,-2,60,60,HOLD_60,,32880
2026-08-08T23:20:42-0700,ngr/loco/9950011/state/station,9950011,ZONE_HOLD,1,Arches,-1,60,60,HOLD_60,,32889
2026-08-08T23:20:44-0700,ngr/loco/9950011/state/station,9950011,FINAL_APPROACH,2,Arches,0,60,60,LOCATION_TRIGGERED_TARGETS,,32901
2026-08-08T23:20:44-0700,ngr/loco/9950011/state/station,9950011,FINAL_TARGET,2,Arches,0,60,60,AT_CENTRE_ZONE_SPEED,,32902
2026-08-08T23:20:46-0700,ngr/loco/9950011/state/station,9950011,FINAL_TARGET,2,Arches,1,45,60,M_PLUS_1_FINAL_SPEED,,32911
2026-08-08T23:20:50-0700,ngr/loco/9950011/state/station,9950011,ZERO_RAMP,3,Arches,2,0,45,TRIGGER_M2_REACHED,,32929
2026-08-08T23:20:53-0700,ngr/loco/9950011/state/station,9950011,DWELL_BEGIN,4,Arches,2,0,0,FIXED_DWELL,,32940
2026-08-08T23:21:08-0700,ngr/loco/9950011/state/station,9950011,DWELL_COMPLETE,5,Arches,2,100,0,DEPART_TO_CRUISE,,32987
2026-08-08T23:21:14-0700,ngr/loco/9950011/state/station,9950011,DEPARTURE_COMPLETE,5,Arches,5,100,100,CLEARED_ZONE,,33017
2026-08-08T23:21:14-0700,ngr/loco/9950011/state/station,9950011,RESET,0,NONE,999,100,100,DEPARTED,,33018
2026-08-08T23:21:47-0700,ngr/loco/9950011/state/station,9950011,ARMED,1,Bamboo,-12,100,100,RANGE_ARM_NORMAL,,33219
2026-08-08T23:21:50-0700,ngr/loco/9950011/state/station,9950011,APPROACH,1,Bamboo,-10,92,100,DERIVED_CRUISE_TO_ZONE,,33235
2026-08-08T23:21:51-0700,ngr/loco/9950011/state/station,9950011,APPROACH,1,Bamboo,-9,84,94,DERIVED_CRUISE_TO_ZONE,,33244
2026-08-08T23:21:52-0700,ngr/loco/9950011/state/station,9950011,APPROACH,1,Bamboo,-8,76,86,DERIVED_CRUISE_TO_ZONE,,33251
2026-08-08T23:21:54-0700,ngr/loco/9950011/state/station,9950011,APPROACH,1,Bamboo,-7,68,77,DERIVED_CRUISE_TO_ZONE,,33262
2026-08-08T23:21:55-0700,ngr/loco/9950011/state/station,9950011,APPROACH,1,Bamboo,-6,60,69,DERIVED_CRUISE_TO_ZONE,,33272
2026-08-08T23:21:57-0700,ngr/loco/9950011/state/station,9950011,ZONE_HOLD,1,Bamboo,-5,60,60,HOLD_60,,33282
2026-08-08T23:21:59-0700,ngr/loco/9950011/state/station,9950011,ZONE_HOLD,1,Bamboo,-4,60,60,HOLD_60,,33294
2026-08-08T23:22:01-0700,ngr/loco/9950011/state/station,9950011,ZONE_HOLD,1,Bamboo,-3,60,60,HOLD_60,,33303
2026-08-08T23:22:04-0700,ngr/loco/9950011/state/station,9950011,ZONE_HOLD,1,Bamboo,-2,60,60,HOLD_60,,33316
2026-08-08T23:22:07-0700,ngr/loco/9950011/state/station,9950011,ZONE_HOLD,1,Bamboo,-1,60,60,HOLD_60,,33326
2026-08-08T23:22:09-0700,ngr/loco/9950011/state/station,9950011,FINAL_APPROACH,2,Bamboo,0,60,60,LOCATION_TRIGGERED_TARGETS,,33341
2026-08-08T23:22:09-0700,ngr/loco/9950011/state/station,9950011,FINAL_TARGET,2,Bamboo,0,60,60,AT_CENTRE_ZONE_SPEED,,33342
2026-08-08T23:22:12-0700,ngr/loco/9950011/state/station,9950011,ZERO_RAMP,3,Bamboo,1,0,60,TRIGGER_M2_REACHED,,33353
2026-08-08T23:22:15-0700,ngr/loco/9950011/state/station,9950011,DWELL_BEGIN,4,Bamboo,1,0,0,FIXED_DWELL,,33365
2026-08-08T23:22:30-0700,ngr/loco/9950011/state/station,9950011,DWELL_COMPLETE,5,Bamboo,1,100,0,DEPART_TO_CRUISE,,33413
2026-08-08T23:22:35-0700,ngr/loco/9950011/state/station,9950011,DEPARTURE_COMPLETE,5,Bamboo,4,100,100,CLEARED_ZONE,,33440
2026-08-08T23:22:35-0700,ngr/loco/9950011/state/station,9950011,RESET,0,NONE,999,100,100,DEPARTED,,33441
2026-08-08T23:22:52-0700,ngr/loco/9950011/state/station,9950011,ARMED,1,Patio,-12,100,100,RANGE_ARM_NORMAL,,33532
2026-08-08T23:22:55-0700,ngr/loco/9950011/state/station,9950011,APPROACH,1,Patio,-10,92,100,DERIVED_CRUISE_TO_ZONE,,33550
2026-08-08T23:22:57-0700,ngr/loco/9950011/state/station,9950011,APPROACH,1,Patio,-9,84,93,DERIVED_CRUISE_TO_ZONE,,33558
2026-08-08T23:22:58-0700,ngr/loco/9950011/state/station,9950011,APPROACH,1,Patio,-8,76,85,DERIVED_CRUISE_TO_ZONE,,33570
2026-08-08T23:23:00-0700,ngr/loco/9950011/state/station,9950011,APPROACH,1,Patio,-7,68,77,DERIVED_CRUISE_TO_ZONE,,33580
2026-08-08T23:23:03-0700,ngr/loco/9950011/state/station,9950011,APPROACH,1,Patio,-6,60,68,DERIVED_CRUISE_TO_ZONE,,33590
2026-08-08T23:23:05-0700,ngr/loco/9950011/state/station,9950011,ZONE_HOLD,1,Patio,-5,60,60,HOLD_60,,33603
2026-08-08T23:23:07-0700,ngr/loco/9950011/state/station,9950011,ZONE_HOLD,1,Patio,-4,60,60,HOLD_60,,33615
2026-08-08T23:23:10-0700,ngr/loco/9950011/state/station,9950011,ZONE_HOLD,1,Patio,-3,60,60,HOLD_60,,33628
2026-08-08T23:23:12-0700,ngr/loco/9950011/state/station,9950011,ZONE_HOLD,1,Patio,-2,60,60,HOLD_60,,33638
2026-08-08T23:23:16-0700,ngr/loco/9950011/state/station,9950011,ZONE_HOLD,1,Patio,-1,60,60,HOLD_60,,33653
2026-08-08T23:23:18-0700,ngr/loco/9950011/state/station,9950011,FINAL_APPROACH,2,Patio,0,60,60,LOCATION_TRIGGERED_TARGETS,,33664
2026-08-08T23:23:18-0700,ngr/loco/9950011/state/station,9950011,FINAL_TARGET,2,Patio,0,60,60,AT_CENTRE_ZONE_SPEED,,33665
2026-08-08T23:23:21-0700,ngr/loco/9950011/state/station,9950011,FINAL_TARGET,2,Patio,1,45,60,M_PLUS_1_FINAL_SPEED,,33678
2026-08-08T23:23:25-0700,ngr/loco/9950011/state/station,9950011,ZERO_RAMP,3,Patio,2,0,45,TRIGGER_M2_REACHED,,33698
2026-08-08T23:23:28-0700,ngr/loco/9950011/state/station,9950011,DWELL_BEGIN,4,Patio,2,0,0,FIXED_DWELL,,33707
2026-08-08T23:23:43-0700,ngr/loco/9950011/state/station,9950011,DWELL_COMPLETE,5,Patio,2,100,0,DEPART_TO_CRUISE,,33754
2026-08-08T23:23:48-0700,ngr/loco/9950011/state/station,9950011,DEPARTURE_COMPLETE,5,Patio,5,100,100,CLEARED_ZONE,,33784
2026-08-08T23:23:48-0700,ngr/loco/9950011/state/station,9950011,RESET,0,NONE,999,100,100,DEPARTED,,33785
2026-08-08T23:24:22-0700,ngr/loco/9950011/state/station,9950011,ARMED,1,Grillers,-12,100,100,RANGE_ARM_NORMAL,,33979
2026-08-08T23:24:23-0700,ngr/loco/9950011/state/station,9950011,APPROACH,1,Grillers,-10,95,100,DERIVED_CRUISE_TO_ZONE,,33994
2026-08-08T23:24:25-0700,ngr/loco/9950011/state/station,9950011,APPROACH,1,Grillers,-9,89,96,DERIVED_CRUISE_TO_ZONE,,34001
2026-08-08T23:24:26-0700,ngr/loco/9950011/state/station,9950011,APPROACH,1,Grillers,-8,84,90,DERIVED_CRUISE_TO_ZONE,,34010
2026-08-08T23:24:27-0700,ngr/loco/9950011/state/station,9950011,APPROACH,1,Grillers,-7,78,85,DERIVED_CRUISE_TO_ZONE,,34019
2026-08-08T23:24:28-0700,ngr/loco/9950011/state/station,9950011,APPROACH,1,Grillers,-6,72,79,DERIVED_CRUISE_TO_ZONE,,34029
2026-08-08T23:24:30-0700,ngr/loco/9950011/state/station,9950011,ZONE_HOLD,1,Grillers,-5,72,73,HOLD_60,,34039
2026-08-08T23:24:32-0700,ngr/loco/9950011/state/station,9950011,ZONE_HOLD,1,Grillers,-4,72,72,HOLD_60,,34047
2026-08-08T23:24:34-0700,ngr/loco/9950011/state/station,9950011,ZONE_HOLD,1,Grillers,-3,72,72,HOLD_60,,34059
2026-08-08T23:24:36-0700,ngr/loco/9950011/state/station,9950011,ZONE_HOLD,1,Grillers,-2,72,72,HOLD_60,,34069
2026-08-08T23:24:39-0700,ngr/loco/9950011/state/station,9950011,ZONE_HOLD,1,Grillers,-1,72,72,HOLD_60,,34082
2026-08-08T23:24:41-0700,ngr/loco/9950011/state/station,9950011,FINAL_APPROACH,2,Grillers,0,72,72,LOCATION_TRIGGERED_TARGETS,,34093
2026-08-08T23:24:41-0700,ngr/loco/9950011/state/station,9950011,FINAL_TARGET,2,Grillers,0,72,72,AT_CENTRE_ZONE_SPEED,,34094
2026-08-08T23:24:44-0700,ngr/loco/9950011/state/station,9950011,ZERO_RAMP,3,Grillers,1,0,72,TRIGGER_M2_REACHED,,34107
2026-08-08T23:24:47-0700,ngr/loco/9950011/state/station,9950011,DWELL_BEGIN,4,Grillers,1,0,0,FIXED_DWELL,,34116
2026-08-08T23:25:02-0700,ngr/loco/9950011/state/station,9950011,DWELL_COMPLETE,5,Grillers,1,100,0,DEPART_TO_CRUISE,,34164
2026-08-08T23:25:08-0700,ngr/loco/9950011/state/station,9950011,DEPARTURE_COMPLETE,5,Grillers,4,100,100,CLEARED_ZONE,,34194
2026-08-08T23:25:08-0700,ngr/loco/9950011/state/station,9950011,RESET,0,NONE,999,100,100,DEPARTED,,34195
2026-08-08T23:25:39-0700,ngr/loco/9950011/state/station,9950011,ARMED,1,Arches,-12,100,100,RANGE_ARM_NORMAL,,34379
2026-08-08T23:25:41-0700,ngr/loco/9950011/state/station,9950011,APPROACH,1,Arches,-10,92,100,DERIVED_CRUISE_TO_ZONE,,34393
2026-08-08T23:25:42-0700,ngr/loco/9950011/state/station,9950011,APPROACH,1,Arches,-9,84,94,DERIVED_CRUISE_TO_ZONE,,34400
2026-08-08T23:25:44-0700,ngr/loco/9950011/state/station,9950011,APPROACH,1,Arches,-8,76,86,DERIVED_CRUISE_TO_ZONE,,34411
2026-08-08T23:25:45-0700,ngr/loco/9950011/state/station,9950011,APPROACH,1,Arches,-7,68,77,DERIVED_CRUISE_TO_ZONE,,34419
2026-08-08T23:25:46-0700,ngr/loco/9950011/state/station,9950011,APPROACH,1,Arches,-6,60,69,DERIVED_CRUISE_TO_ZONE,,34428
2026-08-08T23:25:48-0700,ngr/loco/9950011/state/station,9950011,ZONE_HOLD,1,Arches,-5,60,61,HOLD_60,,34441
2026-08-08T23:25:50-0700,ngr/loco/9950011/state/station,9950011,ZONE_HOLD,1,Arches,-4,60,60,HOLD_60,,34450
2026-08-08T23:25:52-0700,ngr/loco/9950011/state/station,9950011,ZONE_HOLD,1,Arches,-3,60,60,HOLD_60,,34458
2026-08-08T23:25:54-0700,ngr/loco/9950011/state/station,9950011,ZONE_HOLD,1,Arches,-2,60,60,HOLD_60,,34469
2026-08-08T23:25:56-0700,ngr/loco/9950011/state/station,9950011,ZONE_HOLD,1,Arches,-1,60,60,HOLD_60,,34478
2026-08-08T23:25:58-0700,ngr/loco/9950011/state/station,9950011,FINAL_APPROACH,2,Arches,0,60,60,LOCATION_TRIGGERED_TARGETS,,34487
2026-08-08T23:25:58-0700,ngr/loco/9950011/state/station,9950011,FINAL_TARGET,2,Arches,0,60,60,AT_CENTRE_ZONE_SPEED,,34488
2026-08-08T23:26:00-0700,ngr/loco/9950011/state/station,9950011,FINAL_TARGET,2,Arches,1,45,60,M_PLUS_1_FINAL_SPEED,,34501
2026-08-08T23:26:04-0700,ngr/loco/9950011/state/station,9950011,ZERO_RAMP,3,Arches,2,0,45,TRIGGER_M2_REACHED,,34518
2026-08-08T23:26:06-0700,ngr/loco/9950011/state/station,9950011,DWELL_BEGIN,4,Arches,2,0,0,FIXED_DWELL,,34528
2026-08-08T23:26:21-0700,ngr/loco/9950011/state/station,9950011,DWELL_COMPLETE,5,Arches,2,100,0,DEPART_TO_CRUISE,,34576
2026-08-08T23:26:27-0700,ngr/loco/9950011/state/station,9950011,DEPARTURE_COMPLETE,5,Arches,5,100,100,CLEARED_ZONE,,34604
2026-08-08T23:26:27-0700,ngr/loco/9950011/state/station,9950011,RESET,0,NONE,999,100,100,DEPARTED,,34605
2026-08-08T23:27:01-0700,ngr/loco/9950011/state/station,9950011,ARMED,1,Bamboo,-12,100,100,RANGE_ARM_NORMAL,,34809
2026-08-08T23:27:03-0700,ngr/loco/9950011/state/station,9950011,APPROACH,1,Bamboo,-10,92,100,DERIVED_CRUISE_TO_ZONE,,34826
2026-08-08T23:27:05-0700,ngr/loco/9950011/state/station,9950011,APPROACH,1,Bamboo,-9,84,93,DERIVED_CRUISE_TO_ZONE,,34833
2026-08-08T23:27:06-0700,ngr/loco/9950011/state/station,9950011,APPROACH,1,Bamboo,-8,76,86,DERIVED_CRUISE_TO_ZONE,,34841
2026-08-08T23:27:07-0700,ngr/loco/9950011/state/station,9950011,APPROACH,1,Bamboo,-7,68,77,DERIVED_CRUISE_TO_ZONE,,34849
2026-08-08T23:27:08-0700,ngr/loco/9950011/state/station,9950011,APPROACH,1,Bamboo,-6,60,69,DERIVED_CRUISE_TO_ZONE,,34861
2026-08-08T23:27:10-0700,ngr/loco/9950011/state/station,9950011,ZONE_HOLD,1,Bamboo,-5,60,60,HOLD_60,,34871
2026-08-08T23:27:13-0700,ngr/loco/9950011/state/station,9950011,ZONE_HOLD,1,Bamboo,-4,60,60,HOLD_60,,34881
2026-08-08T23:27:15-0700,ngr/loco/9950011/state/station,9950011,ZONE_HOLD,1,Bamboo,-3,60,60,HOLD_60,,34893
2026-08-08T23:27:17-0700,ngr/loco/9950011/state/station,9950011,ZONE_HOLD,1,Bamboo,-2,60,60,HOLD_60,,34904
2026-08-08T23:27:20-0700,ngr/loco/9950011/state/station,9950011,ZONE_HOLD,1,Bamboo,-1,60,60,HOLD_60,,34918
2026-08-08T23:27:23-0700,ngr/loco/9950011/state/station,9950011,FINAL_APPROACH,2,Bamboo,0,60,60,LOCATION_TRIGGERED_TARGETS,,34928
2026-08-08T23:27:23-0700,ngr/loco/9950011/state/station,9950011,FINAL_TARGET,2,Bamboo,0,60,60,AT_CENTRE_ZONE_SPEED,,34929
2026-08-08T23:27:25-0700,ngr/loco/9950011/state/station,9950011,ZERO_RAMP,3,Bamboo,1,0,60,TRIGGER_M2_REACHED,,34943
2026-08-08T23:27:28-0700,ngr/loco/9950011/state/station,9950011,DWELL_BEGIN,4,Bamboo,1,0,0,FIXED_DWELL,,34956
2026-08-08T23:27:43-0700,ngr/loco/9950011/state/station,9950011,DWELL_COMPLETE,5,Bamboo,1,100,0,DEPART_TO_CRUISE,,35003
2026-08-08T23:27:48-0700,ngr/loco/9950011/state/station,9950011,DEPARTURE_COMPLETE,5,Bamboo,4,100,100,CLEARED_ZONE,,35029
2026-08-08T23:27:48-0700,ngr/loco/9950011/state/station,9950011,RESET,0,NONE,999,100,100,DEPARTED,,35030
2026-08-08T23:28:06-0700,ngr/loco/9950011/state/station,9950011,ARMED,1,Patio,-12,100,100,RANGE_ARM_NORMAL,,35123
2026-08-08T23:28:09-0700,ngr/loco/9950011/state/station,9950011,APPROACH,1,Patio,-10,92,100,DERIVED_CRUISE_TO_ZONE,,35139
2026-08-08T23:28:10-0700,ngr/loco/9950011/state/station,9950011,APPROACH,1,Patio,-9,84,93,DERIVED_CRUISE_TO_ZONE,,35149
2026-08-08T23:28:12-0700,ngr/loco/9950011/state/station,9950011,APPROACH,1,Patio,-8,76,85,DERIVED_CRUISE_TO_ZONE,,35158
2026-08-08T23:28:14-0700,ngr/loco/9950011/state/station,9950011,APPROACH,1,Patio,-7,68,77,DERIVED_CRUISE_TO_ZONE,,35170
2026-08-08T23:28:15-0700,ngr/loco/9950011/state/station,9950011,APPROACH,1,Patio,-6,60,68,DERIVED_CRUISE_TO_ZONE,,35180
2026-08-08T23:28:18-0700,ngr/loco/9950011/state/station,9950011,ZONE_HOLD,1,Patio,-5,60,60,HOLD_60,,35191
2026-08-08T23:28:21-0700,ngr/loco/9950011/state/station,9950011,ZONE_HOLD,1,Patio,-4,60,60,HOLD_60,,35205
2026-08-08T23:28:24-0700,ngr/loco/9950011/state/station,9950011,ZONE_HOLD,1,Patio,-3,60,60,HOLD_60,,35219
2026-08-08T23:28:26-0700,ngr/loco/9950011/state/station,9950011,ZONE_HOLD,1,Patio,-2,60,60,HOLD_60,,35228
2026-08-08T23:28:29-0700,ngr/loco/9950011/state/station,9950011,ZONE_HOLD,1,Patio,-1,60,60,HOLD_60,,35242
2026-08-08T23:28:31-0700,ngr/loco/9950011/state/station,9950011,FINAL_APPROACH,2,Patio,0,60,60,LOCATION_TRIGGERED_TARGETS,,35254
2026-08-08T23:28:31-0700,ngr/loco/9950011/state/station,9950011,FINAL_TARGET,2,Patio,0,60,60,AT_CENTRE_ZONE_SPEED,,35255
2026-08-08T23:28:34-0700,ngr/loco/9950011/state/station,9950011,FINAL_TARGET,2,Patio,1,45,60,M_PLUS_1_FINAL_SPEED,,35269
2026-08-08T23:28:38-0700,ngr/loco/9950011/state/station,9950011,ZERO_RAMP,3,Patio,2,0,45,TRIGGER_M2_REACHED,,35287
2026-08-08T23:28:41-0700,ngr/loco/9950011/state/station,9950011,DWELL_BEGIN,4,Patio,2,0,0,FIXED_DWELL,,35298
2026-08-08T23:28:56-0700,ngr/loco/9950011/state/station,9950011,DWELL_COMPLETE,5,Patio,2,100,0,DEPART_TO_CRUISE,,35345
2026-08-08T23:29:02-0700,ngr/loco/9950011/state/station,9950011,DEPARTURE_COMPLETE,5,Patio,5,100,100,CLEARED_ZONE,,35373
2026-08-08T23:29:02-0700,ngr/loco/9950011/state/station,9950011,RESET,0,NONE,999,100,100,DEPARTED,,35374
2026-08-08T23:29:35-0700,ngr/loco/9950011/state/station,9950011,ARMED,1,Grillers,-12,100,100,RANGE_ARM_NORMAL,,35571
2026-08-08T23:29:37-0700,ngr/loco/9950011/state/station,9950011,APPROACH,1,Grillers,-10,95,100,DERIVED_CRUISE_TO_ZONE,,35584
2026-08-08T23:29:39-0700,ngr/loco/9950011/state/station,9950011,APPROACH,1,Grillers,-9,89,96,DERIVED_CRUISE_TO_ZONE,,35594
2026-08-08T23:29:39-0700,ngr/loco/9950011/state/station,9950011,APPROACH,1,Grillers,-8,84,90,DERIVED_CRUISE_TO_ZONE,,35602
2026-08-08T23:29:41-0700,ngr/loco/9950011/state/station,9950011,APPROACH,1,Grillers,-7,78,85,DERIVED_CRUISE_TO_ZONE,,35609
2026-08-08T23:29:42-0700,ngr/loco/9950011/state/station,9950011,APPROACH,1,Grillers,-6,72,79,DERIVED_CRUISE_TO_ZONE,,35619
2026-08-08T23:29:44-0700,ngr/loco/9950011/state/station,9950011,ZONE_HOLD,1,Grillers,-5,72,73,HOLD_60,,35631
2026-08-08T23:29:46-0700,ngr/loco/9950011/state/station,9950011,ZONE_HOLD,1,Grillers,-4,72,72,HOLD_60,,35639
2026-08-08T23:29:48-0700,ngr/loco/9950011/state/station,9950011,ZONE_HOLD,1,Grillers,-3,72,72,HOLD_60,,35648
2026-08-08T23:29:50-0700,ngr/loco/9950011/state/station,9950011,ZONE_HOLD,1,Grillers,-2,72,72,HOLD_60,,35662
2026-08-08T23:29:53-0700,ngr/loco/9950011/state/station,9950011,ZONE_HOLD,1,Grillers,-1,72,72,HOLD_60,,35671
2026-08-08T23:29:55-0700,ngr/loco/9950011/state/station,9950011,FINAL_APPROACH,2,Grillers,0,72,72,LOCATION_TRIGGERED_TARGETS,,35685
2026-08-08T23:29:55-0700,ngr/loco/9950011/state/station,9950011,FINAL_TARGET,2,Grillers,0,72,72,AT_CENTRE_ZONE_SPEED,,35686
2026-08-08T23:29:58-0700,ngr/loco/9950011/state/station,9950011,ZERO_RAMP,3,Grillers,1,0,72,TRIGGER_M2_REACHED,,35697
2026-08-08T23:30:00-0700,ngr/loco/9950011/state/station,9950011,DWELL_BEGIN,4,Grillers,1,0,0,FIXED_DWELL,,35709
2026-08-08T23:30:15-0700,ngr/loco/9950011/state/station,9950011,DWELL_COMPLETE,5,Grillers,1,100,0,DEPART_TO_CRUISE,,35757
2026-08-08T23:30:22-0700,ngr/loco/9950011/state/station,9950011,DEPARTURE_COMPLETE,5,Grillers,4,100,100,CLEARED_ZONE,,35786
2026-08-08T23:30:22-0700,ngr/loco/9950011/state/station,9950011,RESET,0,NONE,999,100,100,DEPARTED,,35787
2026-08-08T23:30:53-0700,ngr/loco/9950011/state/station,9950011,ARMED,1,Arches,-12,100,100,RANGE_ARM_NORMAL,,35969
2026-08-08T23:30:56-0700,ngr/loco/9950011/state/station,9950011,APPROACH,1,Arches,-10,92,100,DERIVED_CRUISE_TO_ZONE,,35985
2026-08-08T23:30:56-0700,ngr/loco/9950011/state/station,9950011,APPROACH,1,Arches,-9,84,94,DERIVED_CRUISE_TO_ZONE,,35993
2026-08-08T23:30:57-0700,ngr/loco/9950011/state/station,9950011,APPROACH,1,Arches,-8,76,86,DERIVED_CRUISE_TO_ZONE,,36001
2026-08-08T23:30:59-0700,ngr/loco/9950011/state/station,9950011,APPROACH,1,Arches,-7,68,77,DERIVED_CRUISE_TO_ZONE,,36012
2026-08-08T23:31:00-0700,ngr/loco/9950011/state/station,9950011,APPROACH,1,Arches,-6,60,69,DERIVED_CRUISE_TO_ZONE,,36021
2026-08-08T23:31:02-0700,ngr/loco/9950011/state/station,9950011,ZONE_HOLD,1,Arches,-5,60,61,HOLD_60,,36031
2026-08-08T23:31:04-0700,ngr/loco/9950011/state/station,9950011,ZONE_HOLD,1,Arches,-4,60,60,HOLD_60,,36043
2026-08-08T23:31:06-0700,ngr/loco/9950011/state/station,9950011,ZONE_HOLD,1,Arches,-3,60,60,HOLD_60,,36051
2026-08-08T23:31:08-0700,ngr/loco/9950011/state/station,9950011,ZONE_HOLD,1,Arches,-2,60,60,HOLD_60,,36059
2026-08-08T23:31:09-0700,ngr/loco/9950011/state/station,9950011,ZONE_HOLD,1,Arches,-1,60,60,HOLD_60,,36071
2026-08-08T23:31:12-0700,ngr/loco/9950011/state/station,9950011,FINAL_APPROACH,2,Arches,0,60,60,LOCATION_TRIGGERED_TARGETS,,36080
2026-08-08T23:31:12-0700,ngr/loco/9950011/state/station,9950011,FINAL_TARGET,2,Arches,0,60,60,AT_CENTRE_ZONE_SPEED,,36081
2026-08-08T23:31:14-0700,ngr/loco/9950011/state/station,9950011,FINAL_TARGET,2,Arches,1,45,60,M_PLUS_1_FINAL_SPEED,,36094
2026-08-08T23:31:18-0700,ngr/loco/9950011/state/station,9950011,ZERO_RAMP,3,Arches,2,0,45,TRIGGER_M2_REACHED,,36109
2026-08-08T23:31:20-0700,ngr/loco/9950011/state/station,9950011,DWELL_BEGIN,4,Arches,2,0,0,FIXED_DWELL,,36121
2026-08-08T23:31:35-0700,ngr/loco/9950011/state/station,9950011,DWELL_COMPLETE,5,Arches,2,100,0,DEPART_TO_CRUISE,,36169
2026-08-08T23:31:41-0700,ngr/loco/9950011/state/station,9950011,DEPARTURE_COMPLETE,5,Arches,5,100,100,CLEARED_ZONE,,36196
2026-08-08T23:31:41-0700,ngr/loco/9950011/state/station,9950011,RESET,0,NONE,999,100,100,DEPARTED,,36197
2026-08-08T23:32:16-0700,ngr/loco/9950011/state/station,9950011,ARMED,1,Bamboo,-12,100,100,RANGE_ARM_NORMAL,,36403
2026-08-08T23:32:18-0700,ngr/loco/9950011/state/station,9950011,APPROACH,1,Bamboo,-10,92,100,DERIVED_CRUISE_TO_ZONE,,36416
2026-08-08T23:32:19-0700,ngr/loco/9950011/state/station,9950011,APPROACH,1,Bamboo,-9,84,94,DERIVED_CRUISE_TO_ZONE,,36426
2026-08-08T23:32:20-0700,ngr/loco/9950011/state/station,9950011,APPROACH,1,Bamboo,-8,76,86,DERIVED_CRUISE_TO_ZONE,,36435
2026-08-08T23:32:21-0700,ngr/loco/9950011/state/station,9950011,APPROACH,1,Bamboo,-7,68,77,DERIVED_CRUISE_TO_ZONE,,36443
2026-08-08T23:32:23-0700,ngr/loco/9950011/state/station,9950011,APPROACH,1,Bamboo,-6,60,69,DERIVED_CRUISE_TO_ZONE,,36452
2026-08-08T23:32:25-0700,ngr/loco/9950011/state/station,9950011,ZONE_HOLD,1,Bamboo,-5,60,60,HOLD_60,,36465
2026-08-08T23:32:27-0700,ngr/loco/9950011/state/station,9950011,ZONE_HOLD,1,Bamboo,-4,60,60,HOLD_60,,36474
2026-08-08T23:32:29-0700,ngr/loco/9950011/state/station,9950011,ZONE_HOLD,1,Bamboo,-3,60,60,HOLD_60,,36487
2026-08-08T23:32:32-0700,ngr/loco/9950011/state/station,9950011,ZONE_HOLD,1,Bamboo,-2,60,60,HOLD_60,,36497
2026-08-08T23:32:34-0700,ngr/loco/9950011/state/station,9950011,ZONE_HOLD,1,Bamboo,-1,60,60,HOLD_60,,36511
2026-08-08T23:32:38-0700,ngr/loco/9950011/state/station,9950011,FINAL_APPROACH,2,Bamboo,0,60,60,LOCATION_TRIGGERED_TARGETS,,36522
2026-08-08T23:32:38-0700,ngr/loco/9950011/state/station,9950011,FINAL_TARGET,2,Bamboo,0,60,60,AT_CENTRE_ZONE_SPEED,,36523
2026-08-08T23:32:40-0700,ngr/loco/9950011/state/station,9950011,ZERO_RAMP,3,Bamboo,1,0,60,TRIGGER_M2_REACHED,,36537
2026-08-08T23:32:42-0700,ngr/loco/9950011/state/station,9950011,DWELL_BEGIN,4,Bamboo,1,0,0,FIXED_DWELL,,36546
2026-08-08T23:32:57-0700,ngr/loco/9950011/state/station,9950011,DWELL_COMPLETE,5,Bamboo,1,100,0,DEPART_TO_CRUISE,,36593
2026-08-08T23:33:03-0700,ngr/loco/9950011/state/station,9950011,DEPARTURE_COMPLETE,5,Bamboo,4,100,100,CLEARED_ZONE,,36620
2026-08-08T23:33:03-0700,ngr/loco/9950011/state/station,9950011,RESET,0,NONE,999,100,100,DEPARTED,,36621
2026-08-08T23:33:20-0700,ngr/loco/9950011/state/station,9950011,ARMED,1,Patio,-12,100,100,RANGE_ARM_NORMAL,,36717
2026-08-08T23:33:23-0700,ngr/loco/9950011/state/station,9950011,APPROACH,1,Patio,-10,92,100,DERIVED_CRUISE_TO_ZONE,,36734
2026-08-08T23:33:25-0700,ngr/loco/9950011/state/station,9950011,APPROACH,1,Patio,-9,84,93,DERIVED_CRUISE_TO_ZONE,,36743
2026-08-08T23:33:26-0700,ngr/loco/9950011/state/station,9950011,APPROACH,1,Patio,-8,76,85,DERIVED_CRUISE_TO_ZONE,,36752
2026-08-08T23:33:28-0700,ngr/loco/9950011/state/station,9950011,APPROACH,1,Patio,-7,68,77,DERIVED_CRUISE_TO_ZONE,,36765
2026-08-08T23:33:30-0700,ngr/loco/9950011/state/station,9950011,APPROACH,1,Patio,-6,60,68,DERIVED_CRUISE_TO_ZONE,,36775
2026-08-08T23:33:33-0700,ngr/loco/9950011/state/station,9950011,ZONE_HOLD,1,Patio,-5,60,60,HOLD_60,,36785
2026-08-08T23:33:35-0700,ngr/loco/9950011/state/station,9950011,ZONE_HOLD,1,Patio,-4,60,60,HOLD_60,,36799
2026-08-08T23:33:38-0700,ngr/loco/9950011/state/station,9950011,ZONE_HOLD,1,Patio,-3,60,60,HOLD_60,,36810
2026-08-08T23:33:40-0700,ngr/loco/9950011/state/station,9950011,ZONE_HOLD,1,Patio,-2,60,60,HOLD_60,,36823
2026-08-08T23:33:43-0700,ngr/loco/9950011/state/station,9950011,ZONE_HOLD,1,Patio,-1,60,60,HOLD_60,,36837
2026-08-08T23:33:46-0700,ngr/loco/9950011/state/station,9950011,FINAL_APPROACH,2,Patio,0,60,60,LOCATION_TRIGGERED_TARGETS,,36849
2026-08-08T23:33:46-0700,ngr/loco/9950011/state/station,9950011,FINAL_TARGET,2,Patio,0,60,60,AT_CENTRE_ZONE_SPEED,,36850
2026-08-08T23:33:49-0700,ngr/loco/9950011/state/station,9950011,FINAL_TARGET,2,Patio,1,45,60,M_PLUS_1_FINAL_SPEED,,36864
2026-08-08T23:33:54-0700,ngr/loco/9950011/state/station,9950011,ZERO_RAMP,3,Patio,2,0,45,TRIGGER_M2_REACHED,,36883
2026-08-08T23:33:56-0700,ngr/loco/9950011/state/station,9950011,DWELL_BEGIN,4,Patio,2,0,0,FIXED_DWELL,,36893
2026-08-08T23:34:11-0700,ngr/loco/9950011/state/station,9950011,DWELL_COMPLETE,5,Patio,2,100,0,DEPART_TO_CRUISE,,36940
2026-08-08T23:34:17-0700,ngr/loco/9950011/state/station,9950011,DEPARTURE_COMPLETE,5,Patio,5,100,100,CLEARED_ZONE,,36968
2026-08-08T23:34:17-0700,ngr/loco/9950011/state/station,9950011,RESET,0,NONE,999,100,100,DEPARTED,,36969
2026-08-08T23:34:50-0700,ngr/loco/9950011/state/station,9950011,ARMED,1,Grillers,-12,100,100,RANGE_ARM_NORMAL,,37167
2026-08-08T23:34:53-0700,ngr/loco/9950011/state/station,9950011,APPROACH,1,Grillers,-10,95,100,DERIVED_CRUISE_TO_ZONE,,37179
2026-08-08T23:34:54-0700,ngr/loco/9950011/state/station,9950011,APPROACH,1,Grillers,-9,89,96,DERIVED_CRUISE_TO_ZONE,,37190
2026-08-08T23:34:55-0700,ngr/loco/9950011/state/station,9950011,APPROACH,1,Grillers,-8,84,90,DERIVED_CRUISE_TO_ZONE,,37197
2026-08-08T23:34:56-0700,ngr/loco/9950011/state/station,9950011,APPROACH,1,Grillers,-7,78,85,DERIVED_CRUISE_TO_ZONE,,37206
2026-08-08T23:34:57-0700,ngr/loco/9950011/state/station,9950011,APPROACH,1,Grillers,-6,72,79,DERIVED_CRUISE_TO_ZONE,,37214
2026-08-08T23:34:59-0700,ngr/loco/9950011/state/station,9950011,ZONE_HOLD,1,Grillers,-5,72,72,HOLD_60,,37227
2026-08-08T23:35:01-0700,ngr/loco/9950011/state/station,9950011,ZONE_HOLD,1,Grillers,-4,72,72,HOLD_60,,37236
2026-08-08T23:35:03-0700,ngr/loco/9950011/state/station,9950011,ZONE_HOLD,1,Grillers,-3,72,72,HOLD_60,,37248
2026-08-08T23:35:07-0700,ngr/loco/9950011/state/station,9950011,ZONE_HOLD,1,Grillers,-2,72,72,HOLD_60,,37260
2026-08-08T23:35:09-0700,ngr/loco/9950011/state/station,9950011,ZONE_HOLD,1,Grillers,-1,72,72,HOLD_60,,37274
2026-08-08T23:35:12-0700,ngr/loco/9950011/state/station,9950011,FINAL_APPROACH,2,Grillers,0,72,72,LOCATION_TRIGGERED_TARGETS,,37285
2026-08-08T23:35:12-0700,ngr/loco/9950011/state/station,9950011,FINAL_TARGET,2,Grillers,0,72,72,AT_CENTRE_ZONE_SPEED,,37286
2026-08-08T23:35:15-0700,ngr/loco/9950011/state/station,9950011,ZERO_RAMP,3,Grillers,1,0,72,TRIGGER_M2_REACHED,,37300
2026-08-08T23:36:20-0700,ngr/loco/9950011/state/station,9950011,APPROACH,1,Arches,-7,68,77,DERIVED_CRUISE_TO_ZONE,,37328
2026-08-08T23:36:22-0700,ngr/loco/9950011/state/station,9950011,APPROACH,1,Arches,-6,60,69,DERIVED_CRUISE_TO_ZONE,,37336
2026-08-08T23:36:24-0700,ngr/loco/9950011/state/station,9950011,ZONE_HOLD,1,Arches,-5,60,60,HOLD_60,,37349
2026-08-08T23:36:26-0700,ngr/loco/9950011/state/station,9950011,ZONE_HOLD,1,Arches,-4,60,60,HOLD_60,,37358
2026-08-08T23:36:28-0700,ngr/loco/9950011/state/station,9950011,ZONE_HOLD,1,Arches,-3,60,60,HOLD_60,,37367
2026-08-08T23:36:30-0700,ngr/loco/9950011/state/station,9950011,ZONE_HOLD,1,Arches,-2,60,60,HOLD_60,,37379
2026-08-08T23:36:32-0700,ngr/loco/9950011/state/station,9950011,ZONE_HOLD,1,Arches,-1,60,60,HOLD_60,,37389
2026-08-08T23:36:34-0700,ngr/loco/9950011/state/station,9950011,FINAL_APPROACH,2,Arches,0,60,60,LOCATION_TRIGGERED_TARGETS,,37402
2026-08-08T23:36:34-0700,ngr/loco/9950011/state/station,9950011,FINAL_TARGET,2,Arches,0,60,60,AT_CENTRE_ZONE_SPEED,,37403
2026-08-08T23:36:36-0700,ngr/loco/9950011/state/station,9950011,FINAL_TARGET,2,Arches,1,45,60,M_PLUS_1_FINAL_SPEED,,37413
2026-08-08T23:36:40-0700,ngr/loco/9950011/state/station,9950011,ZERO_RAMP,3,Arches,2,0,45,TRIGGER_M2_REACHED,,37430
2026-08-08T23:36:43-0700,ngr/loco/9950011/state/station,9950011,DWELL_BEGIN,4,Arches,2,0,0,FIXED_DWELL,,37439
2026-08-08T23:36:58-0700,ngr/loco/9950011/state/station,9950011,DWELL_COMPLETE,5,Arches,2,100,0,DEPART_TO_CRUISE,,37487
2026-08-08T23:37:03-0700,ngr/loco/9950011/state/station,9950011,DEPARTURE_COMPLETE,5,Arches,5,100,100,CLEARED_ZONE,,37517
2026-08-08T23:37:03-0700,ngr/loco/9950011/state/station,9950011,RESET,0,NONE,999,100,100,DEPARTED,,37518
2026-08-08T23:37:40-0700,ngr/loco/9950011/state/station,9950011,ARMED,1,Bamboo,-12,100,100,RANGE_ARM_NORMAL,,37729
2026-08-08T23:37:42-0700,ngr/loco/9950011/state/station,9950011,APPROACH,1,Bamboo,-10,92,100,DERIVED_CRUISE_TO_ZONE,,37744
2026-08-08T23:37:43-0700,ngr/loco/9950011/state/station,9950011,APPROACH,1,Bamboo,-9,84,93,DERIVED_CRUISE_TO_ZONE,,37754
2026-08-08T23:37:45-0700,ngr/loco/9950011/state/station,9950011,APPROACH,1,Bamboo,-8,76,85,DERIVED_CRUISE_TO_ZONE,,37762
2026-08-08T23:37:46-0700,ngr/loco/9950011/state/station,9950011,APPROACH,1,Bamboo,-7,68,77,DERIVED_CRUISE_TO_ZONE,,37772
2026-08-08T23:37:48-0700,ngr/loco/9950011/state/station,9950011,APPROACH,1,Bamboo,-6,60,69,DERIVED_CRUISE_TO_ZONE,,37782
2026-08-08T23:37:50-0700,ngr/loco/9950011/state/station,9950011,ZONE_HOLD,1,Bamboo,-5,60,60,HOLD_60,,37795
2026-08-08T23:37:53-0700,ngr/loco/9950011/state/station,9950011,ZONE_HOLD,1,Bamboo,-4,60,60,HOLD_60,,37804
2026-08-08T23:37:55-0700,ngr/loco/9950011/state/station,9950011,ZONE_HOLD,1,Bamboo,-3,60,60,HOLD_60,,37818
2026-08-08T23:37:58-0700,ngr/loco/9950011/state/station,9950011,ZONE_HOLD,1,Bamboo,-2,60,60,HOLD_60,,37827
2026-08-08T23:38:01-0700,ngr/loco/9950011/state/station,9950011,ZONE_HOLD,1,Bamboo,-1,60,60,HOLD_60,,37842
2026-08-08T23:38:04-0700,ngr/loco/9950011/state/station,9950011,FINAL_APPROACH,2,Bamboo,0,60,60,LOCATION_TRIGGERED_TARGETS,,37859
2026-08-08T23:38:04-0700,ngr/loco/9950011/state/station,9950011,FINAL_TARGET,2,Bamboo,0,60,60,AT_CENTRE_ZONE_SPEED,,37860
2026-08-08T23:38:07-0700,ngr/loco/9950011/state/station,9950011,ZERO_RAMP,3,Bamboo,1,0,60,TRIGGER_M2_REACHED,,37871
2026-08-08T23:38:10-0700,ngr/loco/9950011/state/station,9950011,DWELL_BEGIN,4,Bamboo,1,0,0,FIXED_DWELL,,37882
2026-08-08T23:38:25-0700,ngr/loco/9950011/state/station,9950011,DWELL_COMPLETE,5,Bamboo,1,100,0,DEPART_TO_CRUISE,,37930
2026-08-08T23:38:31-0700,ngr/loco/9950011/state/station,9950011,DEPARTURE_COMPLETE,5,Bamboo,4,100,100,CLEARED_ZONE,,37958
2026-08-08T23:38:31-0700,ngr/loco/9950011/state/station,9950011,RESET,0,NONE,999,100,100,DEPARTED,,37959
2026-08-08T23:38:50-0700,ngr/loco/9950011/state/station,9950011,ARMED,1,Patio,-12,100,100,RANGE_ARM_NORMAL,,38058
2026-08-08T23:38:53-0700,ngr/loco/9950011/state/station,9950011,APPROACH,1,Patio,-10,92,100,DERIVED_CRUISE_TO_ZONE,,38073
2026-08-08T23:38:54-0700,ngr/loco/9950011/state/station,9950011,APPROACH,1,Patio,-9,84,93,DERIVED_CRUISE_TO_ZONE,,38086
2026-08-08T23:38:56-0700,ngr/loco/9950011/state/station,9950011,APPROACH,1,Patio,-8,76,85,DERIVED_CRUISE_TO_ZONE,,38096
2026-08-08T23:38:59-0700,ngr/loco/9950011/state/station,9950011,APPROACH,1,Patio,-7,68,77,DERIVED_CRUISE_TO_ZONE,,38105
2026-08-08T23:39:00-0700,ngr/loco/9950011/state/station,9950011,APPROACH,1,Patio,-6,60,68,DERIVED_CRUISE_TO_ZONE,,38119
2026-08-08T23:39:03-0700,ngr/loco/9950011/state/station,9950011,ZONE_HOLD,1,Patio,-5,60,60,HOLD_60,,38131
2026-08-08T23:39:06-0700,ngr/loco/9950011/state/station,9950011,ZONE_HOLD,1,Patio,-4,60,60,HOLD_60,,38146
2026-08-08T23:39:09-0700,ngr/loco/9950011/state/station,9950011,ZONE_HOLD,1,Patio,-3,60,60,HOLD_60,,38160
2026-08-08T23:39:13-0700,ngr/loco/9950011/state/station,9950011,ZONE_HOLD,1,Patio,-2,60,60,HOLD_60,,38171
2026-08-08T23:39:15-0700,ngr/loco/9950011/state/station,9950011,ZONE_HOLD,1,Patio,-1,60,60,HOLD_60,,38186
2026-08-08T23:39:18-0700,ngr/loco/9950011/state/station,9950011,FINAL_APPROACH,2,Patio,0,60,60,LOCATION_TRIGGERED_TARGETS,,38201
2026-08-08T23:39:18-0700,ngr/loco/9950011/state/station,9950011,FINAL_TARGET,2,Patio,0,60,60,AT_CENTRE_ZONE_SPEED,,38202
2026-08-08T23:39:22-0700,ngr/loco/9950011/state/station,9950011,FINAL_TARGET,2,Patio,1,45,60,M_PLUS_1_FINAL_SPEED,,38215
2026-08-08T23:39:27-0700,ngr/loco/9950011/state/station,9950011,ZERO_RAMP,3,Patio,1,0,45,TRIGGER_M1_TIMEOUT_DID_NOT_REACH_M2,,38233
2026-08-08T23:39:30-0700,ngr/loco/9950011/state/station,9950011,DWELL_BEGIN,4,Patio,2,0,0,FIXED_DWELL,,38247
2026-08-08T23:39:45-0700,ngr/loco/9950011/state/station,9950011,DWELL_COMPLETE,5,Patio,2,100,0,DEPART_TO_CRUISE,,38295
2026-08-08T23:39:51-0700,ngr/loco/9950011/state/station,9950011,DEPARTURE_COMPLETE,5,Patio,5,100,100,CLEARED_ZONE,,38324
2026-08-08T23:39:51-0700,ngr/loco/9950011/state/station,9950011,RESET,0,NONE,999,100,100,DEPARTED,,38325
2026-08-08T23:40:26-0700,ngr/loco/9950011/state/station,9950011,ARMED,1,Grillers,-12,100,100,RANGE_ARM_NORMAL,,38529
2026-08-08T23:40:29-0700,ngr/loco/9950011/state/station,9950011,APPROACH,1,Grillers,-10,95,100,DERIVED_CRUISE_TO_ZONE,,38544
2026-08-08T23:40:30-0700,ngr/loco/9950011/state/station,9950011,APPROACH,1,Grillers,-9,89,96,DERIVED_CRUISE_TO_ZONE,,38551
2026-08-08T23:40:31-0700,ngr/loco/9950011/state/station,9950011,APPROACH,1,Grillers,-8,84,90,DERIVED_CRUISE_TO_ZONE,,38560
2026-08-08T23:40:32-0700,ngr/loco/9950011/state/station,9950011,APPROACH,1,Grillers,-7,78,85,DERIVED_CRUISE_TO_ZONE,,38569
2026-08-08T23:40:34-0700,ngr/loco/9950011/state/station,9950011,APPROACH,1,Grillers,-6,72,79,DERIVED_CRUISE_TO_ZONE,,38579
2026-08-08T23:40:36-0700,ngr/loco/9950011/state/station,9950011,ZONE_HOLD,1,Grillers,-5,72,72,HOLD_60,,38589
2026-08-08T23:40:38-0700,ngr/loco/9950011/state/station,9950011,ZONE_HOLD,1,Grillers,-4,72,72,HOLD_60,,38598
2026-08-08T23:40:40-0700,ngr/loco/9950011/state/station,9950011,ZONE_HOLD,1,Grillers,-3,72,72,HOLD_60,,38610
2026-08-08T23:40:42-0700,ngr/loco/9950011/state/station,9950011,ZONE_HOLD,1,Grillers,-2,72,72,HOLD_60,,38622
2026-08-08T23:40:45-0700,ngr/loco/9950011/state/station,9950011,ZONE_HOLD,1,Grillers,-1,72,72,HOLD_60,,38636
2026-08-08T23:40:48-0700,ngr/loco/9950011/state/station,9950011,FINAL_APPROACH,2,Grillers,0,72,72,LOCATION_TRIGGERED_TARGETS,,38645
2026-08-08T23:40:48-0700,ngr/loco/9950011/state/station,9950011,FINAL_TARGET,2,Grillers,0,72,72,AT_CENTRE_ZONE_SPEED,,38647
2026-08-08T23:40:51-0700,ngr/loco/9950011/state/station,9950011,ZERO_RAMP,3,Grillers,1,0,72,TRIGGER_M2_REACHED,,38661
2026-08-08T23:40:53-0700,ngr/loco/9950011/state/station,9950011,DWELL_BEGIN,4,Grillers,1,0,0,FIXED_DWELL,,38674
2026-08-08T23:41:08-0700,ngr/loco/9950011/state/station,9950011,DWELL_COMPLETE,5,Grillers,1,100,0,DEPART_TO_CRUISE,,38722
2026-08-08T23:41:15-0700,ngr/loco/9950011/state/station,9950011,DEPARTURE_COMPLETE,5,Grillers,4,100,100,CLEARED_ZONE,,38752
2026-08-08T23:41:15-0700,ngr/loco/9950011/state/station,9950011,RESET,0,NONE,999,100,100,DEPARTED,,38753
2026-08-08T23:47:38-0700,ngr/loco/9950011/state/station,9950011,DWELL_COMPLETE,5,Grillers,1,100,0,DEPART_TO_CRUISE,,38855
2026-08-08T23:47:45-0700,ngr/loco/9950011/state/station,9950011,DEPARTURE_COMPLETE,5,Grillers,4,100,100,CLEARED_ZONE,,38885
2026-08-08T23:47:45-0700,ngr/loco/9950011/state/station,9950011,RESET,0,NONE,999,100,100,DEPARTED,,38886
2026-08-08T23:48:48-0700,ngr/loco/9950011/state/station,9950011,ARMED,1,Arches,-12,100,100,RANGE_ARM_NORMAL,,39071
2026-08-08T23:48:48-0700,ngr/loco/9950011/state/station,9950011,APPROACH,1,Arches,-10,92,100,DERIVED_CRUISE_TO_ZONE,,39094
2026-08-08T23:48:48-0700,ngr/loco/9950011/state/station,9950011,APPROACH,1,Arches,-9,84,93,DERIVED_CRUISE_TO_ZONE,,39103
2026-08-08T23:48:48-0700,ngr/loco/9950011/state/station,9950011,APPROACH,1,Arches,-8,76,85,DERIVED_CRUISE_TO_ZONE,,39114
2026-08-08T23:48:48-0700,ngr/loco/9950011/state/station,9950011,APPROACH,1,Arches,-7,68,77,DERIVED_CRUISE_TO_ZONE,,39122
2026-08-08T23:48:48-0700,ngr/loco/9950011/state/station,9950011,APPROACH,1,Arches,-6,60,69,DERIVED_CRUISE_TO_ZONE,,39132
2026-08-08T23:48:48-0700,ngr/loco/9950011/state/station,9950011,ZONE_HOLD,1,Arches,-5,60,60,HOLD_60,,39145
2026-08-08T23:48:48-0700,ngr/loco/9950011/state/station,9950011,ZONE_HOLD,1,Arches,-4,60,60,HOLD_60,,39154
2026-08-08T23:48:48-0700,ngr/loco/9950011/state/station,9950011,ZONE_HOLD,1,Arches,-3,60,60,HOLD_60,,39163
2026-08-08T23:48:48-0700,ngr/loco/9950011/state/station,9950011,ZONE_HOLD,1,Arches,-2,60,60,HOLD_60,,39175
2026-08-08T23:48:49-0700,ngr/loco/9950011/state/station,9950011,ZONE_HOLD,1,Arches,-1,60,60,HOLD_60,,39186
2026-08-08T23:48:49-0700,ngr/loco/9950011/state/station,9950011,FINAL_APPROACH,2,Arches,0,60,60,LOCATION_TRIGGERED_TARGETS,,39198
2026-08-08T23:48:49-0700,ngr/loco/9950011/state/station,9950011,FINAL_TARGET,2,Arches,0,60,60,AT_CENTRE_ZONE_SPEED,,39199
2026-08-08T23:48:49-0700,ngr/loco/9950011/state/station,9950011,FINAL_TARGET,2,Arches,1,45,60,M_PLUS_1_FINAL_SPEED,,39208
2026-08-08T23:48:49-0700,ngr/loco/9950011/state/station,9950011,ZERO_RAMP,3,Arches,2,0,45,TRIGGER_M2_REACHED,,39226
2026-08-08T23:48:49-0700,ngr/loco/9950011/state/station,9950011,DWELL_BEGIN,4,Arches,2,0,0,FIXED_DWELL,,39239
2026-08-08T23:49:03-0700,ngr/loco/9950011/state/station,9950011,DWELL_COMPLETE,5,Arches,2,100,0,DEPART_TO_CRUISE,,39287
2026-08-08T23:49:09-0700,ngr/loco/9950011/state/station,9950011,DEPARTURE_COMPLETE,5,Arches,5,100,100,CLEARED_ZONE,,39314
2026-08-08T23:49:09-0700,ngr/loco/9950011/state/station,9950011,RESET,0,NONE,999,100,100,DEPARTED,,39315
2026-08-08T23:53:50-0700,ngr/loco/9950011/state/station,9950011,ARMED,1,Arches,-12,100,100,RANGE_ARM_NORMAL,,39404
2026-08-08T23:53:52-0700,ngr/loco/9950011/state/station,9950011,APPROACH,1,Arches,-10,92,100,DERIVED_CRUISE_TO_ZONE,,39416
2026-08-08T23:53:53-0700,ngr/loco/9950011/state/station,9950011,APPROACH,1,Arches,-9,84,93,DERIVED_CRUISE_TO_ZONE,,39426
2026-08-08T23:53:54-0700,ngr/loco/9950011/state/station,9950011,APPROACH,1,Arches,-8,76,85,DERIVED_CRUISE_TO_ZONE,,39436
2026-08-08T23:53:56-0700,ngr/loco/9950011/state/station,9950011,APPROACH,1,Arches,-7,68,77,DERIVED_CRUISE_TO_ZONE,,39444
2026-08-08T23:53:58-0700,ngr/loco/9950011/state/station,9950011,APPROACH,1,Arches,-6,60,69,DERIVED_CRUISE_TO_ZONE,,39454
2026-08-08T23:54:00-0700,ngr/loco/9950011/state/station,9950011,ZONE_HOLD,1,Arches,-5,60,60,HOLD_60,,39467
2026-08-08T23:54:02-0700,ngr/loco/9950011/state/station,9950011,ZONE_HOLD,1,Arches,-4,60,60,HOLD_60,,39476
2026-08-08T23:54:04-0700,ngr/loco/9950011/state/station,9950011,ZONE_HOLD,1,Arches,-3,60,60,HOLD_60,,39488
2026-08-08T23:54:05-0700,ngr/loco/9950011/state/station,9950011,ZONE_HOLD,1,Arches,-2,60,60,HOLD_60,,39497
2026-08-08T23:54:08-0700,ngr/loco/9950011/state/station,9950011,ZONE_HOLD,1,Arches,-1,60,60,HOLD_60,,39506
2026-08-08T23:54:10-0700,ngr/loco/9950011/state/station,9950011,FINAL_APPROACH,2,Arches,0,60,60,LOCATION_TRIGGERED_TARGETS,,39518
2026-08-08T23:54:10-0700,ngr/loco/9950011/state/station,9950011,FINAL_TARGET,2,Arches,0,60,60,AT_CENTRE_ZONE_SPEED,,39519
2026-08-08T23:54:12-0700,ngr/loco/9950011/state/station,9950011,FINAL_TARGET,2,Arches,1,45,60,M_PLUS_1_FINAL_SPEED,,39530
2026-08-08T23:54:16-0700,ngr/loco/9950011/state/station,9950011,ZERO_RAMP,3,Arches,2,0,45,TRIGGER_M2_REACHED,,39548
2026-08-08T23:54:19-0700,ngr/loco/9950011/state/station,9950011,DWELL_BEGIN,4,Arches,2,0,0,FIXED_DWELL,,39560
2026-08-08T23:54:49-0700,ngr/loco/9950011/state/station,9950011,DWELL_COMPLETE,5,Arches,2,100,0,DEPART_TO_CRUISE,,39607
2026-08-08T23:54:49-0700,ngr/loco/9950011/state/station,9950011,DEPARTURE_COMPLETE,5,Arches,5,100,100,CLEARED_ZONE,,39635
2026-08-08T23:54:49-0700,ngr/loco/9950011/state/station,9950011,RESET,0,NONE,999,100,100,DEPARTED,,39636
2026-08-08T23:55:16-0700,ngr/loco/9950011/state/station,9950011,ARMED,1,Bamboo,-12,100,100,RANGE_ARM_NORMAL,,39847
2026-08-08T23:55:18-0700,ngr/loco/9950011/state/station,9950011,APPROACH,1,Bamboo,-10,92,100,DERIVED_CRUISE_TO_ZONE,,39860
2026-08-08T23:55:19-0700,ngr/loco/9950011/state/station,9950011,APPROACH,1,Bamboo,-9,84,93,DERIVED_CRUISE_TO_ZONE,,39872
2026-08-08T23:55:21-0700,ngr/loco/9950011/state/station,9950011,APPROACH,1,Bamboo,-8,76,85,DERIVED_CRUISE_TO_ZONE,,39879
2026-08-08T23:55:22-0700,ngr/loco/9950011/state/station,9950011,APPROACH,1,Bamboo,-7,68,77,DERIVED_CRUISE_TO_ZONE,,39888
2026-08-08T23:55:24-0700,ngr/loco/9950011/state/station,9950011,APPROACH,1,Bamboo,-6,60,69,DERIVED_CRUISE_TO_ZONE,,39900
2026-08-08T23:55:26-0700,ngr/loco/9950011/state/station,9950011,ZONE_HOLD,1,Bamboo,-5,60,60,HOLD_60,,39911
2026-08-08T23:55:29-0700,ngr/loco/9950011/state/station,9950011,ZONE_HOLD,1,Bamboo,-4,60,60,HOLD_60,,39924
2026-08-08T23:55:31-0700,ngr/loco/9950011/state/station,9950011,ZONE_HOLD,1,Bamboo,-3,60,60,HOLD_60,,39934
2026-08-08T23:57:19-0700,ngr/loco/9950011/state/station,9950011,DWELL_COMPLETE,5,Patio,1,100,0,DEPART_TO_CRUISE,,39967
2026-08-08T23:57:25-0700,ngr/loco/9950011/state/station,9950011,DEPARTURE_COMPLETE,5,Patio,5,100,100,CLEARED_ZONE,,39999
2026-08-08T23:57:25-0700,ngr/loco/9950011/state/station,9950011,RESET,0,NONE,999,100,100,DEPARTED,,40000
2026-08-09T00:03:39-0700,ngr/loco/9950011/state/station,9950011,ARMED,1,Grillers,-12,100,100,RANGE_ARM_NORMAL,,40208
2026-08-09T00:03:41-0700,ngr/loco/9950011/state/station,9950011,APPROACH,1,Grillers,-10,95,100,DERIVED_CRUISE_TO_ZONE,,40220
2026-08-09T00:03:42-0700,ngr/loco/9950011/state/station,9950011,APPROACH,1,Grillers,-9,89,96,DERIVED_CRUISE_TO_ZONE,,40229
2026-08-09T00:03:44-0700,ngr/loco/9950011/state/station,9950011,APPROACH,1,Grillers,-8,84,90,DERIVED_CRUISE_TO_ZONE,,40237
2026-08-09T00:03:45-0700,ngr/loco/9950011/state/station,9950011,APPROACH,1,Grillers,-7,78,85,DERIVED_CRUISE_TO_ZONE,,40248
2026-08-09T00:03:46-0700,ngr/loco/9950011/state/station,9950011,APPROACH,1,Grillers,-6,72,79,DERIVED_CRUISE_TO_ZONE,,40257
2026-08-09T00:03:48-0700,ngr/loco/9950011/state/station,9950011,ZONE_HOLD,1,Grillers,-5,72,72,HOLD_60,,40266
2026-08-09T00:03:50-0700,ngr/loco/9950011/state/station,9950011,ZONE_HOLD,1,Grillers,-4,72,72,HOLD_60,,40278
2026-08-09T00:03:52-0700,ngr/loco/9950011/state/station,9950011,ZONE_HOLD,1,Grillers,-3,72,72,HOLD_60,,40287
2026-08-09T00:03:54-0700,ngr/loco/9950011/state/station,9950011,ZONE_HOLD,1,Grillers,-2,72,72,HOLD_60,,40301
2026-08-09T00:03:57-0700,ngr/loco/9950011/state/station,9950011,ZONE_HOLD,1,Grillers,-1,72,72,HOLD_60,,40312
2026-08-09T00:04:16-0700,ngr/loco/9950011/state/station,9950011,FINAL_APPROACH,2,Grillers,0,72,72,LOCATION_TRIGGERED_TARGETS,,40326
2026-08-09T00:04:16-0700,ngr/loco/9950011/state/station,9950011,FINAL_TARGET,2,Grillers,0,72,72,AT_CENTRE_ZONE_SPEED,,40327
2026-08-09T00:04:16-0700,ngr/loco/9950011/state/station,9950011,ZERO_RAMP,3,Grillers,1,0,72,TRIGGER_M2_REACHED,,40337
2026-08-09T00:04:16-0700,ngr/loco/9950011/state/station,9950011,DWELL_BEGIN,4,Grillers,1,0,0,FIXED_DWELL,,40351
2026-08-09T00:04:21-0700,ngr/loco/9950011/state/station,9950011,DWELL_COMPLETE,5,Grillers,1,100,0,DEPART_TO_CRUISE,,40398
2026-08-09T00:04:28-0700,ngr/loco/9950011/state/station,9950011,DEPARTURE_COMPLETE,5,Grillers,4,100,100,CLEARED_ZONE,,40429
2026-08-09T00:04:28-0700,ngr/loco/9950011/state/station,9950011,RESET,0,NONE,999,100,100,DEPARTED,,40430
2026-08-09T00:06:02-0700,ngr/loco/9950011/state/station,9950011,ARMED,1,Arches,-12,100,100,RANGE_ARM_NORMAL,,40620
2026-08-09T00:06:03-0700,ngr/loco/9950011/state/station,9950011,APPROACH,1,Arches,-10,92,100,DERIVED_CRUISE_TO_ZONE,,40638
2026-08-09T00:06:03-0700,ngr/loco/9950011/state/station,9950011,APPROACH,1,Arches,-9,84,93,DERIVED_CRUISE_TO_ZONE,,40645
2026-08-09T00:06:03-0700,ngr/loco/9950011/state/station,9950011,APPROACH,1,Arches,-8,76,85,DERIVED_CRUISE_TO_ZONE,,40653
2026-08-09T00:06:03-0700,ngr/loco/9950011/state/station,9950011,APPROACH,1,Arches,-7,68,77,DERIVED_CRUISE_TO_ZONE,,40663
2026-08-09T00:06:03-0700,ngr/loco/9950011/state/station,9950011,APPROACH,1,Arches,-6,60,69,DERIVED_CRUISE_TO_ZONE,,40675
2026-08-09T00:06:03-0700,ngr/loco/9950011/state/station,9950011,ZONE_HOLD,1,Arches,-5,60,60,HOLD_60,,40685
2026-08-09T00:06:03-0700,ngr/loco/9950011/state/station,9950011,ZONE_HOLD,1,Arches,-4,60,60,HOLD_60,,40697
2026-08-09T00:09:55-0700,ngr/loco/9950011/state/station,9950011,DWELL_COMPLETE,5,Grillers,1,100,0,DEPART_TO_CRUISE,,40855
2026-08-09T00:10:03-0700,ngr/loco/9950011/state/station,9950011,DEPARTURE_COMPLETE,5,Grillers,4,100,100,CLEARED_ZONE,,40886
2026-08-09T00:10:03-0700,ngr/loco/9950011/state/station,9950011,RESET,0,NONE,999,100,100,DEPARTED,,40887
2026-08-09T00:10:37-0700,ngr/loco/9950011/state/station,9950011,ARMED,1,Arches,-12,100,100,RANGE_ARM_NORMAL,,41080
2026-08-09T00:10:39-0700,ngr/loco/9950011/state/station,9950011,APPROACH,1,Arches,-10,92,100,DERIVED_CRUISE_TO_ZONE,,41096
2026-08-09T00:10:40-0700,ngr/loco/9950011/state/station,9950011,APPROACH,1,Arches,-9,84,93,DERIVED_CRUISE_TO_ZONE,,41105
2026-08-09T00:10:42-0700,ngr/loco/9950011/state/station,9950011,APPROACH,1,Arches,-8,76,85,DERIVED_CRUISE_TO_ZONE,,41112
2026-08-09T00:10:43-0700,ngr/loco/9950011/state/station,9950011,APPROACH,1,Arches,-7,68,77,DERIVED_CRUISE_TO_ZONE,,41121
2026-08-09T00:10:45-0700,ngr/loco/9950011/state/station,9950011,APPROACH,1,Arches,-6,60,69,DERIVED_CRUISE_TO_ZONE,,41133
2026-08-09T00:10:47-0700,ngr/loco/9950011/state/station,9950011,ZONE_HOLD,1,Arches,-5,60,60,HOLD_60,,41143
2026-08-09T00:10:49-0700,ngr/loco/9950011/state/station,9950011,ZONE_HOLD,1,Arches,-4,60,60,HOLD_60,,41155
2026-08-09T00:10:51-0700,ngr/loco/9950011/state/station,9950011,ZONE_HOLD,1,Arches,-3,60,60,HOLD_60,,41164
2026-08-09T00:10:53-0700,ngr/loco/9950011/state/station,9950011,ZONE_HOLD,1,Arches,-2,60,60,HOLD_60,,41173
2026-08-09T00:10:55-0700,ngr/loco/9950011/state/station,9950011,ZONE_HOLD,1,Arches,-1,60,60,HOLD_60,,41186
2026-08-09T00:10:58-0700,ngr/loco/9950011/state/station,9950011,FINAL_APPROACH,2,Arches,0,60,60,LOCATION_TRIGGERED_TARGETS,,41196
2026-08-09T00:10:58-0700,ngr/loco/9950011/state/station,9950011,FINAL_TARGET,2,Arches,0,60,60,AT_CENTRE_ZONE_SPEED,,41197
2026-08-09T00:11:00-0700,ngr/loco/9950011/state/station,9950011,FINAL_TARGET,2,Arches,1,45,60,M_PLUS_1_FINAL_SPEED,,41210
2026-08-09T00:11:04-0700,ngr/loco/9950011/state/station,9950011,ZERO_RAMP,3,Arches,2,0,45,TRIGGER_M2_REACHED,,41229
2026-08-09T00:11:07-0700,ngr/loco/9950011/state/station,9950011,DWELL_BEGIN,4,Arches,2,0,0,FIXED_DWELL,,41238
2026-08-09T00:11:23-0700,ngr/loco/9950011/state/station,9950011,DWELL_COMPLETE,5,Arches,2,100,0,DEPART_TO_CRUISE,,41286
2026-08-09T00:11:28-0700,ngr/loco/9950011/state/station,9950011,DEPARTURE_COMPLETE,5,Arches,5,100,100,CLEARED_ZONE,,41314
2026-08-09T00:11:28-0700,ngr/loco/9950011/state/station,9950011,RESET,0,NONE,999,100,100,DEPARTED,,41315
2026-08-09T00:12:05-0700,ngr/loco/9950011/state/station,9950011,ARMED,1,Bamboo,-12,100,100,RANGE_ARM_NORMAL,,41530
2026-08-09T00:12:07-0700,ngr/loco/9950011/state/station,9950011,APPROACH,1,Bamboo,-10,92,100,DERIVED_CRUISE_TO_ZONE,,41543
2026-08-09T00:12:08-0700,ngr/loco/9950011/state/station,9950011,APPROACH,1,Bamboo,-9,84,93,DERIVED_CRUISE_TO_ZONE,,41551
2026-08-09T00:12:09-0700,ngr/loco/9950011/state/station,9950011,APPROACH,1,Bamboo,-8,76,85,DERIVED_CRUISE_TO_ZONE,,41562
2026-08-09T00:12:11-0700,ngr/loco/9950011/state/station,9950011,APPROACH,1,Bamboo,-7,68,77,DERIVED_CRUISE_TO_ZONE,,41571
2026-08-09T00:12:12-0700,ngr/loco/9950011/state/station,9950011,APPROACH,1,Bamboo,-6,60,69,DERIVED_CRUISE_TO_ZONE,,41581
2026-08-09T00:12:15-0700,ngr/loco/9950011/state/station,9950011,ZONE_HOLD,1,Bamboo,-5,60,60,HOLD_60,,41594
2026-08-09T00:12:17-0700,ngr/loco/9950011/state/station,9950011,ZONE_HOLD,1,Bamboo,-4,60,60,HOLD_60,,41603
2026-08-09T00:12:19-0700,ngr/loco/9950011/state/station,9950011,ZONE_HOLD,1,Bamboo,-3,60,60,HOLD_60,,41616
2026-08-09T00:12:22-0700,ngr/loco/9950011/state/station,9950011,ZONE_HOLD,1,Bamboo,-2,60,60,HOLD_60,,41626
2026-08-09T00:12:25-0700,ngr/loco/9950011/state/station,9950011,ZONE_HOLD,1,Bamboo,-1,60,60,HOLD_60,,41641
2026-08-09T00:12:28-0700,ngr/loco/9950011/state/station,9950011,FINAL_APPROACH,2,Bamboo,0,60,60,LOCATION_TRIGGERED_TARGETS,,41654
2026-08-09T00:12:28-0700,ngr/loco/9950011/state/station,9950011,FINAL_TARGET,2,Bamboo,0,60,60,AT_CENTRE_ZONE_SPEED,,41655
2026-08-09T00:12:31-0700,ngr/loco/9950011/state/station,9950011,ZERO_RAMP,3,Bamboo,1,0,60,TRIGGER_M2_REACHED,,41668
2026-08-09T00:12:33-0700,ngr/loco/9950011/state/station,9950011,DWELL_BEGIN,4,Bamboo,1,0,0,FIXED_DWELL,,41681
2026-08-09T00:12:49-0700,ngr/loco/9950011/state/station,9950011,DWELL_COMPLETE,5,Bamboo,1,100,0,DEPART_TO_CRUISE,,41729
2026-08-09T00:12:54-0700,ngr/loco/9950011/state/station,9950011,DEPARTURE_COMPLETE,5,Bamboo,4,100,100,CLEARED_ZONE,,41755
2026-08-09T00:12:54-0700,ngr/loco/9950011/state/station,9950011,RESET,0,NONE,999,100,100,DEPARTED,,41756
2026-08-09T00:14:55-0700,ngr/loco/9950011/state/station,9950011,APPROACH,1,Grillers,-7,78,85,DERIVED_CRUISE_TO_ZONE,,41820
2026-08-09T00:14:57-0700,ngr/loco/9950011/state/station,9950011,APPROACH,1,Grillers,-6,72,79,DERIVED_CRUISE_TO_ZONE,,41830
2026-08-09T00:14:59-0700,ngr/loco/9950011/state/station,9950011,ZONE_HOLD,1,Grillers,-5,72,72,HOLD_60,,41839
2026-08-09T00:15:00-0700,ngr/loco/9950011/state/station,9950011,ZONE_HOLD,1,Grillers,-4,72,72,HOLD_60,,41851
2026-08-09T00:15:03-0700,ngr/loco/9950011/state/station,9950011,ZONE_HOLD,1,Grillers,-3,72,72,HOLD_60,,41861
2026-08-09T00:15:06-0700,ngr/loco/9950011/state/station,9950011,ZONE_HOLD,1,Grillers,-2,72,72,HOLD_60,,41873
2026-08-09T00:15:08-0700,ngr/loco/9950011/state/station,9950011,ZONE_HOLD,1,Grillers,-1,72,72,HOLD_60,,41884
2026-08-09T00:15:12-0700,ngr/loco/9950011/state/station,9950011,FINAL_APPROACH,2,Grillers,0,72,72,LOCATION_TRIGGERED_TARGETS,,41899
2026-08-09T00:15:12-0700,ngr/loco/9950011/state/station,9950011,FINAL_TARGET,2,Grillers,0,72,72,AT_CENTRE_ZONE_SPEED,,41900
2026-08-09T00:15:14-0700,ngr/loco/9950011/state/station,9950011,ZERO_RAMP,3,Grillers,1,0,72,TRIGGER_M2_REACHED,,41914
2026-08-09T00:15:16-0700,ngr/loco/9950011/state/station,9950011,DWELL_BEGIN,4,Grillers,1,0,0,FIXED_DWELL,,41923
2026-08-09T00:15:31-0700,ngr/loco/9950011/state/station,9950011,DWELL_COMPLETE,5,Grillers,1,100,0,DEPART_TO_CRUISE,,41970
2026-08-09T00:15:39-0700,ngr/loco/9950011/state/station,9950011,DEPARTURE_COMPLETE,5,Grillers,4,100,100,CLEARED_ZONE,,42000
2026-08-09T00:15:39-0700,ngr/loco/9950011/state/station,9950011,RESET,0,NONE,999,100,100,DEPARTED,,42002
2026-08-09T00:16:12-0700,ngr/loco/9950011/state/station,9950011,ARMED,1,Arches,-12,100,100,RANGE_ARM_NORMAL,,42193
2026-08-09T00:16:15-0700,ngr/loco/9950011/state/station,9950011,APPROACH,1,Arches,-10,92,100,DERIVED_CRUISE_TO_ZONE,,42217
2026-08-09T00:16:17-0700,ngr/loco/9950011/state/station,9950011,APPROACH,1,Arches,-9,84,93,DERIVED_CRUISE_TO_ZONE,,42226
2026-08-09T00:16:18-0700,ngr/loco/9950011/state/station,9950011,APPROACH,1,Arches,-8,76,85,DERIVED_CRUISE_TO_ZONE,,42233
2026-08-09T00:16:19-0700,ngr/loco/9950011/state/station,9950011,APPROACH,1,Arches,-7,68,77,DERIVED_CRUISE_TO_ZONE,,42246
2026-08-09T00:16:21-0700,ngr/loco/9950011/state/station,9950011,APPROACH,1,Arches,-6,60,69,DERIVED_CRUISE_TO_ZONE,,42254
2026-08-09T00:16:23-0700,ngr/loco/9950011/state/station,9950011,ZONE_HOLD,1,Arches,-5,60,60,HOLD_60,,42265
2026-08-09T00:16:25-0700,ngr/loco/9950011/state/station,9950011,ZONE_HOLD,1,Arches,-4,60,60,HOLD_60,,42276
2026-08-09T00:16:27-0700,ngr/loco/9950011/state/station,9950011,ZONE_HOLD,1,Arches,-3,60,60,HOLD_60,,42285
2026-08-09T00:16:29-0700,ngr/loco/9950011/state/station,9950011,ZONE_HOLD,1,Arches,-2,60,60,HOLD_60,,42297
2026-08-09T00:16:31-0700,ngr/loco/9950011/state/station,9950011,ZONE_HOLD,1,Arches,-1,60,60,HOLD_60,,42307
2026-08-09T00:16:34-0700,ngr/loco/9950011/state/station,9950011,FINAL_APPROACH,2,Arches,0,60,60,LOCATION_TRIGGERED_TARGETS,,42320
2026-08-09T00:16:34-0700,ngr/loco/9950011/state/station,9950011,FINAL_TARGET,2,Arches,0,60,60,AT_CENTRE_ZONE_SPEED,,42321
2026-08-09T00:16:37-0700,ngr/loco/9950011/state/station,9950011,FINAL_TARGET,2,Arches,1,45,60,M_PLUS_1_FINAL_SPEED,,42331
2026-08-09T00:16:41-0700,ngr/loco/9950011/state/station,9950011,ZERO_RAMP,3,Arches,2,0,45,TRIGGER_M2_REACHED,,42351
2026-08-09T00:16:42-0700,ngr/loco/9950011/state/station,9950011,RESET,0,NONE,999,0,25,DISPATCHER_STOP,,42357
2026-08-09T00:17:45-0700,ngr/loco/9950011/state/station,9950011,GO,0,NONE,0,100,0,LAUNCH,,42558
2026-08-09T00:18:36-0700,ngr/loco/9950011/state/station,9950011,ARMED,1,Bamboo,-12,100,100,RANGE_ARM_NORMAL,,42822
2026-08-09T00:18:39-0700,ngr/loco/9950011/state/station,9950011,APPROACH,1,Bamboo,-10,92,100,DERIVED_CRUISE_TO_ZONE,,42840
2026-08-09T00:18:40-0700,ngr/loco/9950011/state/station,9950011,APPROACH,1,Bamboo,-9,84,93,DERIVED_CRUISE_TO_ZONE,,42847
2026-08-09T00:18:41-0700,ngr/loco/9950011/state/station,9950011,APPROACH,1,Bamboo,-8,76,85,DERIVED_CRUISE_TO_ZONE,,42855
2026-08-09T00:18:43-0700,ngr/loco/9950011/state/station,9950011,APPROACH,1,Bamboo,-7,68,77,DERIVED_CRUISE_TO_ZONE,,42865
2026-08-09T00:18:45-0700,ngr/loco/9950011/state/station,9950011,APPROACH,1,Bamboo,-6,60,69,DERIVED_CRUISE_TO_ZONE,,42878
2026-08-09T00:18:47-0700,ngr/loco/9950011/state/station,9950011,ZONE_HOLD,1,Bamboo,-5,60,60,HOLD_60,,42888
2026-08-09T00:18:49-0700,ngr/loco/9950011/state/station,9950011,ZONE_HOLD,1,Bamboo,-4,60,60,HOLD_60,,42900
2026-08-09T00:18:51-0700,ngr/loco/9950011/state/station,9950011,ZONE_HOLD,1,Bamboo,-3,60,60,HOLD_60,,42911
2026-08-09T00:18:54-0700,ngr/loco/9950011/state/station,9950011,ZONE_HOLD,1,Bamboo,-2,60,60,HOLD_60,,42923
2026-08-09T00:18:57-0700,ngr/loco/9950011/state/station,9950011,ZONE_HOLD,1,Bamboo,-1,60,60,HOLD_60,,42935
2026-08-09T00:19:01-0700,ngr/loco/9950011/state/station,9950011,FINAL_APPROACH,2,Bamboo,0,60,60,LOCATION_TRIGGERED_TARGETS,,42950
2026-08-09T00:19:01-0700,ngr/loco/9950011/state/station,9950011,FINAL_TARGET,2,Bamboo,0,60,60,AT_CENTRE_ZONE_SPEED,,42951
2026-08-09T00:19:03-0700,ngr/loco/9950011/state/station,9950011,ZERO_RAMP,3,Bamboo,1,0,60,TRIGGER_M2_REACHED,,42962
2026-08-09T00:19:06-0700,ngr/loco/9950011/state/station,9950011,DWELL_BEGIN,4,Bamboo,1,0,0,FIXED_DWELL,,42975
2026-08-09T00:19:21-0700,ngr/loco/9950011/state/station,9950011,DWELL_COMPLETE,5,Bamboo,1,100,0,DEPART_TO_CRUISE,,43023
2026-08-09T00:19:27-0700,ngr/loco/9950011/state/station,9950011,DEPARTURE_COMPLETE,5,Bamboo,4,100,100,CLEARED_ZONE,,43051
2026-08-09T00:19:27-0700,ngr/loco/9950011/state/station,9950011,RESET,0,NONE,999,100,100,DEPARTED,,43052
2026-08-09T00:19:46-0700,ngr/loco/9950011/state/station,9950011,ARMED,1,Patio,-12,100,100,RANGE_ARM_NORMAL,,43151
2026-08-09T00:19:49-0700,ngr/loco/9950011/state/station,9950011,APPROACH,1,Patio,-10,92,100,DERIVED_CRUISE_TO_ZONE,,43169
2026-08-09T00:19:50-0700,ngr/loco/9950011/state/station,9950011,APPROACH,1,Patio,-9,84,93,DERIVED_CRUISE_TO_ZONE,,43176
2026-08-09T00:19:52-0700,ngr/loco/9950011/state/station,9950011,APPROACH,1,Patio,-8,76,85,DERIVED_CRUISE_TO_ZONE,,43186
2026-08-09T00:19:55-0700,ngr/loco/9950011/state/station,9950011,APPROACH,1,Patio,-7,68,77,DERIVED_CRUISE_TO_ZONE,,43200
2026-08-09T00:19:57-0700,ngr/loco/9950011/state/station,9950011,APPROACH,1,Patio,-6,60,68,DERIVED_CRUISE_TO_ZONE,,43209
2026-08-09T00:19:58-0700,ngr/loco/9950011/state/station,9950011,RESET,0,NONE,999,0,60,DISPATCHER_STOP,,43218
2026-08-09T00:23:53-0700,ngr/loco/9950011/state/station,9950011,GO,0,NONE,0,100,0,LAUNCH,,43990
2026-08-09T00:23:53-0700,ngr/loco/9950011/state/station,9950011,ARMED,1,Patio,-10,92,0,RANGE_ARM_NORMAL,,43991
2026-08-09T00:23:54-0700,ngr/loco/9950011/state/station,9950011,APPROACH,1,Patio,-10,92,1,DERIVED_CRUISE_TO_ZONE,,43993
2026-08-09T00:23:56-0700,ngr/loco/9950011/state/station,9950011,APPROACH,1,Patio,-9,84,90,DERIVED_CRUISE_TO_ZONE,,44008
2026-08-09T00:23:58-0700,ngr/loco/9950011/state/station,9950011,APPROACH,1,Patio,-8,76,84,DERIVED_CRUISE_TO_ZONE,,44018
2026-08-09T00:24:00-0700,ngr/loco/9950011/state/station,9950011,APPROACH,1,Patio,-7,68,76,DERIVED_CRUISE_TO_ZONE,,44031
2026-08-09T00:24:02-0700,ngr/loco/9950011/state/station,9950011,APPROACH,1,Patio,-6,60,68,DERIVED_CRUISE_TO_ZONE,,44041
2026-08-09T00:24:05-0700,ngr/loco/9950011/state/station,9950011,ZONE_HOLD,1,Patio,-5,60,60,HOLD_60,,44058
2026-08-09T00:24:09-0700,ngr/loco/9950011/state/station,9950011,ZONE_HOLD,1,Patio,-4,60,60,HOLD_60,,44074
2026-08-09T00:24:12-0700,ngr/loco/9950011/state/station,9950011,ZONE_HOLD,1,Patio,-3,60,60,HOLD_60,,44086
2026-08-09T00:24:15-0700,ngr/loco/9950011/state/station,9950011,ZONE_HOLD,1,Patio,-2,60,60,HOLD_60,,44100
2026-08-09T00:24:19-0700,ngr/loco/9950011/state/station,9950011,ZONE_HOLD,1,Patio,-1,60,60,HOLD_60,,44116
2026-08-09T00:24:22-0700,ngr/loco/9950011/state/station,9950011,FINAL_APPROACH,2,Patio,0,60,60,LOCATION_TRIGGERED_TARGETS,,44130
2026-08-09T00:24:22-0700,ngr/loco/9950011/state/station,9950011,FINAL_TARGET,2,Patio,0,60,60,AT_CENTRE_ZONE_SPEED,,44131
2026-08-09T00:24:27-0700,ngr/loco/9950011/state/station,9950011,FINAL_TARGET,2,Patio,1,45,60,M_PLUS_1_FINAL_SPEED,,44146
2026-08-09T00:24:31-0700,ngr/loco/9950011/state/station,9950011,ZERO_RAMP,3,Patio,1,0,45,TRIGGER_M1_TIMEOUT_DID_NOT_REACH_M2,,44165
2026-08-09T00:24:34-0700,ngr/loco/9950011/state/station,9950011,DWELL_BEGIN,4,Patio,1,0,0,FIXED_DWELL,,44177
2026-08-09T00:24:49-0700,ngr/loco/9950011/state/station,9950011,DWELL_COMPLETE,5,Patio,1,100,0,DEPART_TO_CRUISE,,44225
2026-08-09T00:24:56-0700,ngr/loco/9950011/state/station,9950011,DEPARTURE_COMPLETE,5,Patio,5,100,100,CLEARED_ZONE,,44258
2026-08-09T00:24:56-0700,ngr/loco/9950011/state/station,9950011,RESET,0,NONE,999,100,100,DEPARTED,,44259
2026-08-09T00:25:32-0700,ngr/loco/9950011/state/station,9950011,ARMED,1,Grillers,-12,100,100,RANGE_ARM_NORMAL,,44464
2026-08-09T00:25:34-0700,ngr/loco/9950011/state/station,9950011,APPROACH,1,Grillers,-10,95,100,DERIVED_CRUISE_TO_ZONE,,44479
2026-08-09T00:25:36-0700,ngr/loco/9950011/state/station,9950011,APPROACH,1,Grillers,-9,89,96,DERIVED_CRUISE_TO_ZONE,,44486
2026-08-09T00:25:37-0700,ngr/loco/9950011/state/station,9950011,APPROACH,1,Grillers,-8,84,90,DERIVED_CRUISE_TO_ZONE,,44494
2026-08-09T00:25:38-0700,ngr/loco/9950011/state/station,9950011,APPROACH,1,Grillers,-7,78,85,DERIVED_CRUISE_TO_ZONE,,44502
2026-08-09T00:25:40-0700,ngr/loco/9950011/state/station,9950011,APPROACH,1,Grillers,-6,72,79,DERIVED_CRUISE_TO_ZONE,,44515
2026-08-09T00:25:41-0700,ngr/loco/9950011/state/station,9950011,ZONE_HOLD,1,Grillers,-5,72,72,HOLD_60,,44524
2026-08-09T00:25:43-0700,ngr/loco/9950011/state/station,9950011,ZONE_HOLD,1,Grillers,-4,72,72,HOLD_60,,44533
2026-08-09T00:25:46-0700,ngr/loco/9950011/state/station,9950011,ZONE_HOLD,1,Grillers,-3,72,72,HOLD_60,,44546
2026-08-09T00:25:48-0700,ngr/loco/9950011/state/station,9950011,ZONE_HOLD,1,Grillers,-2,72,72,HOLD_60,,44557
2026-08-09T00:25:51-0700,ngr/loco/9950011/state/station,9950011,ZONE_HOLD,1,Grillers,-1,72,72,HOLD_60,,44571
2026-08-09T00:25:54-0700,ngr/loco/9950011/state/station,9950011,FINAL_APPROACH,2,Grillers,0,72,72,LOCATION_TRIGGERED_TARGETS,,44586
2026-08-09T00:25:54-0700,ngr/loco/9950011/state/station,9950011,FINAL_TARGET,2,Grillers,0,72,72,AT_CENTRE_ZONE_SPEED,,44587
2026-08-09T00:25:57-0700,ngr/loco/9950011/state/station,9950011,ZERO_RAMP,3,Grillers,1,0,72,TRIGGER_M2_REACHED,,44598
2026-08-09T00:25:59-0700,ngr/loco/9950011/state/station,9950011,DWELL_BEGIN,4,Grillers,1,0,0,FIXED_DWELL,,44610
2026-08-09T00:26:14-0700,ngr/loco/9950011/state/station,9950011,DWELL_COMPLETE,5,Grillers,1,100,0,DEPART_TO_CRUISE,,44657
2026-08-09T00:26:22-0700,ngr/loco/9950011/state/station,9950011,DEPARTURE_COMPLETE,5,Grillers,4,100,100,CLEARED_ZONE,,44688
2026-08-09T00:26:22-0700,ngr/loco/9950011/state/station,9950011,RESET,0,NONE,999,100,100,DEPARTED,,44689
2026-08-09T00:26:56-0700,ngr/loco/9950011/state/station,9950011,ARMED,1,Arches,-12,100,100,RANGE_ARM_NORMAL,,44884
2026-08-09T00:27:00-0700,ngr/loco/9950011/state/station,9950011,APPROACH,1,Arches,-10,92,100,DERIVED_CRUISE_TO_ZONE,,44907
2026-08-09T00:27:01-0700,ngr/loco/9950011/state/station,9950011,APPROACH,1,Arches,-9,84,93,DERIVED_CRUISE_TO_ZONE,,44916
2026-08-09T00:27:02-0700,ngr/loco/9950011/state/station,9950011,APPROACH,1,Arches,-8,76,85,DERIVED_CRUISE_TO_ZONE,,44924
2026-08-09T00:27:04-0700,ngr/loco/9950011/state/station,9950011,APPROACH,1,Arches,-7,68,77,DERIVED_CRUISE_TO_ZONE,,44937
2026-08-09T00:27:06-0700,ngr/loco/9950011/state/station,9950011,APPROACH,1,Arches,-6,60,69,DERIVED_CRUISE_TO_ZONE,,44945
2026-08-09T00:27:08-0700,ngr/loco/9950011/state/station,9950011,ZONE_HOLD,1,Arches,-5,60,60,HOLD_60,,44957
2026-08-09T00:27:11-0700,ngr/loco/9950011/state/station,9950011,ZONE_HOLD,1,Arches,-4,60,60,HOLD_60,,44969
2026-08-09T00:27:12-0700,ngr/loco/9950011/state/station,9950011,ZONE_HOLD,1,Arches,-3,60,60,HOLD_60,,44978
2026-08-09T00:27:14-0700,ngr/loco/9950011/state/station,9950011,ZONE_HOLD,1,Arches,-2,60,60,HOLD_60,,44990
2026-08-09T00:27:16-0700,ngr/loco/9950011/state/station,9950011,ZONE_HOLD,1,Arches,-1,60,60,HOLD_60,,44999
2026-08-09T00:27:18-0700,ngr/loco/9950011/state/station,9950011,FINAL_APPROACH,2,Arches,0,60,60,LOCATION_TRIGGERED_TARGETS,,45008
2026-08-09T00:27:18-0700,ngr/loco/9950011/state/station,9950011,FINAL_TARGET,2,Arches,0,60,60,AT_CENTRE_ZONE_SPEED,,45009
2026-08-09T00:27:21-0700,ngr/loco/9950011/state/station,9950011,FINAL_TARGET,2,Arches,1,45,60,M_PLUS_1_FINAL_SPEED,,45023
2026-08-09T00:27:26-0700,ngr/loco/9950011/state/station,9950011,ZERO_RAMP,3,Arches,2,0,45,TRIGGER_M2_REACHED,,45042
2026-08-09T00:27:28-0700,ngr/loco/9950011/state/station,9950011,DWELL_BEGIN,4,Arches,2,0,0,FIXED_DWELL,,45052
2026-08-09T00:27:43-0700,ngr/loco/9950011/state/station,9950011,DWELL_COMPLETE,5,Arches,2,100,0,DEPART_TO_CRUISE,,45100
2026-08-09T00:27:49-0700,ngr/loco/9950011/state/station,9950011,DEPARTURE_COMPLETE,5,Arches,5,100,100,CLEARED_ZONE,,45131
2026-08-09T00:27:49-0700,ngr/loco/9950011/state/station,9950011,RESET,0,NONE,999,100,100,DEPARTED,,45132
2026-08-09T00:28:26-0700,ngr/loco/9950011/state/station,9950011,ARMED,1,Bamboo,-12,100,100,RANGE_ARM_NORMAL,,45344
2026-08-09T00:28:29-0700,ngr/loco/9950011/state/station,9950011,APPROACH,1,Bamboo,-10,92,100,DERIVED_CRUISE_TO_ZONE,,45357
2026-08-09T00:28:29-0700,ngr/loco/9950011/state/station,9950011,APPROACH,1,Bamboo,-9,84,93,DERIVED_CRUISE_TO_ZONE,,45368
2026-08-09T00:28:30-0700,ngr/loco/9950011/state/station,9950011,APPROACH,1,Bamboo,-8,76,85,DERIVED_CRUISE_TO_ZONE,,45375
2026-08-09T00:28:32-0700,ngr/loco/9950011/state/station,9950011,APPROACH,1,Bamboo,-7,68,77,DERIVED_CRUISE_TO_ZONE,,45385
2026-08-09T00:28:34-0700,ngr/loco/9950011/state/station,9950011,APPROACH,1,Bamboo,-6,60,69,DERIVED_CRUISE_TO_ZONE,,45398
2026-08-09T00:28:36-0700,ngr/loco/9950011/state/station,9950011,ZONE_HOLD,1,Bamboo,-5,60,60,HOLD_60,,45408
2026-08-09T00:28:38-0700,ngr/loco/9950011/state/station,9950011,ZONE_HOLD,1,Bamboo,-4,60,60,HOLD_60,,45417
2026-08-09T00:28:40-0700,ngr/loco/9950011/state/station,9950011,ZONE_HOLD,1,Bamboo,-3,60,60,HOLD_60,,45430
2026-08-09T00:28:44-0700,ngr/loco/9950011/state/station,9950011,ZONE_HOLD,1,Bamboo,-2,60,60,HOLD_60,,45442
2026-08-09T00:28:47-0700,ngr/loco/9950011/state/station,9950011,ZONE_HOLD,1,Bamboo,-1,60,60,HOLD_60,,45455
2026-08-09T00:28:50-0700,ngr/loco/9950011/state/station,9950011,FINAL_APPROACH,2,Bamboo,0,60,60,LOCATION_TRIGGERED_TARGETS,,45470
2026-08-09T00:28:50-0700,ngr/loco/9950011/state/station,9950011,FINAL_TARGET,2,Bamboo,0,60,60,AT_CENTRE_ZONE_SPEED,,45471
2026-08-09T00:28:53-0700,ngr/loco/9950011/state/station,9950011,ZERO_RAMP,3,Bamboo,1,0,60,TRIGGER_M2_REACHED,,45483
2026-08-09T00:28:55-0700,ngr/loco/9950011/state/station,9950011,DWELL_BEGIN,4,Bamboo,1,0,0,FIXED_DWELL,,45495
2026-08-09T00:29:10-0700,ngr/loco/9950011/state/station,9950011,DWELL_COMPLETE,5,Bamboo,1,100,0,DEPART_TO_CRUISE,,45543
2026-08-09T00:29:16-0700,ngr/loco/9950011/state/station,9950011,DEPARTURE_COMPLETE,5,Bamboo,4,100,100,CLEARED_ZONE,,45571
2026-08-09T00:29:16-0700,ngr/loco/9950011/state/station,9950011,RESET,0,NONE,999,100,100,DEPARTED,,45572
2026-08-09T00:29:35-0700,ngr/loco/9950011/state/station,9950011,ARMED,1,Patio,-12,100,100,RANGE_ARM_NORMAL,,45671
2026-08-09T00:29:38-0700,ngr/loco/9950011/state/station,9950011,APPROACH,1,Patio,-10,92,100,DERIVED_CRUISE_TO_ZONE,,45686
2026-08-09T00:29:39-0700,ngr/loco/9950011/state/station,9950011,APPROACH,1,Patio,-9,84,93,DERIVED_CRUISE_TO_ZONE,,45697
2026-08-09T00:29:41-0700,ngr/loco/9950011/state/station,9950011,APPROACH,1,Patio,-8,76,85,DERIVED_CRUISE_TO_ZONE,,45707
2026-08-09T00:29:43-0700,ngr/loco/9950011/state/station,9950011,APPROACH,1,Patio,-7,68,76,DERIVED_CRUISE_TO_ZONE,,45717
2026-08-09T00:29:45-0700,ngr/loco/9950011/state/station,9950011,APPROACH,1,Patio,-6,60,68,DERIVED_CRUISE_TO_ZONE,,45730
2026-08-09T00:29:48-0700,ngr/loco/9950011/state/station,9950011,ZONE_HOLD,1,Patio,-5,60,60,HOLD_60,,45742
2026-08-09T00:29:51-0700,ngr/loco/9950011/state/station,9950011,ZONE_HOLD,1,Patio,-4,60,60,HOLD_60,,45757
2026-08-09T00:29:54-0700,ngr/loco/9950011/state/station,9950011,ZONE_HOLD,1,Patio,-3,60,60,HOLD_60,,45771
2026-08-09T00:29:57-0700,ngr/loco/9950011/state/station,9950011,ZONE_HOLD,1,Patio,-2,60,60,HOLD_60,,45783
2026-08-09T00:30:00-0700,ngr/loco/9950011/state/station,9950011,ZONE_HOLD,1,Patio,-1,60,60,HOLD_60,,45797
2026-08-09T00:30:04-0700,ngr/loco/9950011/state/station,9950011,FINAL_APPROACH,2,Patio,0,60,60,LOCATION_TRIGGERED_TARGETS,,45814
2026-08-09T00:30:04-0700,ngr/loco/9950011/state/station,9950011,FINAL_TARGET,2,Patio,0,60,60,AT_CENTRE_ZONE_SPEED,,45815
2026-08-09T00:30:07-0700,ngr/loco/9950011/state/station,9950011,FINAL_TARGET,2,Patio,1,45,60,M_PLUS_1_FINAL_SPEED,,45827
2026-08-09T00:30:12-0700,ngr/loco/9950011/state/station,9950011,ZERO_RAMP,3,Patio,1,0,45,TRIGGER_M1_TIMEOUT_DID_NOT_REACH_M2,,45845
2026-08-09T00:30:15-0700,ngr/loco/9950011/state/station,9950011,DWELL_BEGIN,4,Patio,2,0,0,FIXED_DWELL,,45861
2026-08-09T00:30:30-0700,ngr/loco/9950011/state/station,9950011,DWELL_COMPLETE,5,Patio,2,100,0,DEPART_TO_CRUISE,,45908
2026-08-09T00:30:36-0700,ngr/loco/9950011/state/station,9950011,DEPARTURE_COMPLETE,5,Patio,5,100,100,CLEARED_ZONE,,45936
2026-08-09T00:30:36-0700,ngr/loco/9950011/state/station,9950011,RESET,0,NONE,999,100,100,DEPARTED,,45937
2026-08-09T00:31:12-0700,ngr/loco/9950011/state/station,9950011,ARMED,1,Grillers,-12,100,100,RANGE_ARM_NORMAL,,46142
2026-08-09T00:31:14-0700,ngr/loco/9950011/state/station,9950011,APPROACH,1,Grillers,-10,95,100,DERIVED_CRUISE_TO_ZONE,,46157
2026-08-09T00:31:15-0700,ngr/loco/9950011/state/station,9950011,APPROACH,1,Grillers,-9,89,96,DERIVED_CRUISE_TO_ZONE,,46165
2026-08-09T00:31:16-0700,ngr/loco/9950011/state/station,9950011,APPROACH,1,Grillers,-8,84,90,DERIVED_CRUISE_TO_ZONE,,46172
2026-08-09T00:31:18-0700,ngr/loco/9950011/state/station,9950011,APPROACH,1,Grillers,-7,78,85,DERIVED_CRUISE_TO_ZONE,,46182
2026-08-09T00:31:19-0700,ngr/loco/9950011/state/station,9950011,APPROACH,1,Grillers,-6,72,79,DERIVED_CRUISE_TO_ZONE,,46193
2026-08-09T00:31:21-0700,ngr/loco/9950011/state/station,9950011,ZONE_HOLD,1,Grillers,-5,72,72,HOLD_60,,46203
2026-08-09T00:31:23-0700,ngr/loco/9950011/state/station,9950011,ZONE_HOLD,1,Grillers,-4,72,72,HOLD_60,,46211
2026-08-09T00:31:25-0700,ngr/loco/9950011/state/station,9950011,ZONE_HOLD,1,Grillers,-3,72,72,HOLD_60,,46224
2026-08-09T00:31:28-0700,ngr/loco/9950011/state/station,9950011,ZONE_HOLD,1,Grillers,-2,72,72,HOLD_60,,46235
2026-08-09T00:31:31-0700,ngr/loco/9950011/state/station,9950011,ZONE_HOLD,1,Grillers,-1,72,72,HOLD_60,,46249
2026-08-09T00:31:34-0700,ngr/loco/9950011/state/station,9950011,FINAL_APPROACH,2,Grillers,0,72,72,LOCATION_TRIGGERED_TARGETS,,46264
2026-08-09T00:31:34-0700,ngr/loco/9950011/state/station,9950011,FINAL_TARGET,2,Grillers,0,72,72,AT_CENTRE_ZONE_SPEED,,46265
2026-08-09T00:31:36-0700,ngr/loco/9950011/state/station,9950011,ZERO_RAMP,3,Grillers,1,0,72,TRIGGER_M2_REACHED,,46276
2026-08-09T00:31:39-0700,ngr/loco/9950011/state/station,9950011,DWELL_BEGIN,4,Grillers,1,0,0,FIXED_DWELL,,46288
2026-08-09T00:31:54-0700,ngr/loco/9950011/state/station,9950011,DWELL_COMPLETE,5,Grillers,1,100,0,DEPART_TO_CRUISE,,46335
2026-08-09T00:32:01-0700,ngr/loco/9950011/state/station,9950011,DEPARTURE_COMPLETE,5,Grillers,4,100,100,CLEARED_ZONE,,46366
2026-08-09T00:32:01-0700,ngr/loco/9950011/state/station,9950011,RESET,0,NONE,999,100,100,DEPARTED,,46367
2026-08-09T00:32:35-0700,ngr/loco/9950011/state/station,9950011,ARMED,1,Arches,-12,100,100,RANGE_ARM_NORMAL,,46559
2026-08-09T00:32:37-0700,ngr/loco/9950011/state/station,9950011,APPROACH,1,Arches,-10,92,100,DERIVED_CRUISE_TO_ZONE,,46572
2026-08-09T00:32:39-0700,ngr/loco/9950011/state/station,9950011,APPROACH,1,Arches,-9,84,93,DERIVED_CRUISE_TO_ZONE,,46584
2026-08-09T00:32:40-0700,ngr/loco/9950011/state/station,9950011,APPROACH,1,Arches,-8,76,85,DERIVED_CRUISE_TO_ZONE,,46592
2026-08-09T00:32:42-0700,ngr/loco/9950011/state/station,9950011,APPROACH,1,Arches,-7,68,77,DERIVED_CRUISE_TO_ZONE,,46602
2026-08-09T00:32:43-0700,ngr/loco/9950011/state/station,9950011,APPROACH,1,Arches,-6,60,69,DERIVED_CRUISE_TO_ZONE,,46610
2026-08-09T00:32:45-0700,ngr/loco/9950011/state/station,9950011,ZONE_HOLD,1,Arches,-5,60,60,HOLD_60,,46623
2026-08-09T00:32:47-0700,ngr/loco/9950011/state/station,9950011,ZONE_HOLD,1,Arches,-4,60,60,HOLD_60,,46632
2026-08-09T00:32:49-0700,ngr/loco/9950011/state/station,9950011,ZONE_HOLD,1,Arches,-3,60,60,HOLD_60,,46644
2026-08-09T00:32:51-0700,ngr/loco/9950011/state/station,9950011,ZONE_HOLD,1,Arches,-2,60,60,HOLD_60,,46653
2026-08-09T00:32:53-0700,ngr/loco/9950011/state/station,9950011,ZONE_HOLD,1,Arches,-1,60,60,HOLD_60,,46662
2026-08-09T00:32:56-0700,ngr/loco/9950011/state/station,9950011,FINAL_APPROACH,2,Arches,0,60,60,LOCATION_TRIGGERED_TARGETS,,46676
2026-08-09T00:32:56-0700,ngr/loco/9950011/state/station,9950011,FINAL_TARGET,2,Arches,0,60,60,AT_CENTRE_ZONE_SPEED,,46677
2026-08-09T00:32:58-0700,ngr/loco/9950011/state/station,9950011,FINAL_TARGET,2,Arches,1,45,60,M_PLUS_1_FINAL_SPEED,,46686
2026-08-09T00:33:02-0700,ngr/loco/9950011/state/station,9950011,ZERO_RAMP,3,Arches,2,0,45,TRIGGER_M2_REACHED,,46706
2026-08-09T00:33:05-0700,ngr/loco/9950011/state/station,9950011,DWELL_BEGIN,4,Arches,2,0,0,FIXED_DWELL,,46718
2026-08-09T00:33:20-0700,ngr/loco/9950011/state/station,9950011,DWELL_COMPLETE,5,Arches,2,100,0,DEPART_TO_CRUISE,,46765
2026-08-09T00:33:26-0700,ngr/loco/9950011/state/station,9950011,DEPARTURE_COMPLETE,5,Arches,5,100,100,CLEARED_ZONE,,46795
2026-08-09T00:33:26-0700,ngr/loco/9950011/state/station,9950011,RESET,0,NONE,999,100,100,DEPARTED,,46796
2026-08-09T00:34:03-0700,ngr/loco/9950011/state/station,9950011,ARMED,1,Bamboo,-12,100,100,RANGE_ARM_NORMAL,,47007
2026-08-09T00:34:05-0700,ngr/loco/9950011/state/station,9950011,APPROACH,1,Bamboo,-10,92,100,DERIVED_CRUISE_TO_ZONE,,47022
2026-08-09T00:34:06-0700,ngr/loco/9950011/state/station,9950011,APPROACH,1,Bamboo,-9,84,93,DERIVED_CRUISE_TO_ZONE,,47030
2026-08-09T00:34:07-0700,ngr/loco/9950011/state/station,9950011,APPROACH,1,Bamboo,-8,76,85,DERIVED_CRUISE_TO_ZONE,,47040
2026-08-09T00:34:09-0700,ngr/loco/9950011/state/station,9950011,APPROACH,1,Bamboo,-7,68,77,DERIVED_CRUISE_TO_ZONE,,47050
2026-08-09T00:34:11-0700,ngr/loco/9950011/state/station,9950011,APPROACH,1,Bamboo,-6,60,69,DERIVED_CRUISE_TO_ZONE,,47060
2026-08-09T00:34:13-0700,ngr/loco/9950011/state/station,9950011,ZONE_HOLD,1,Bamboo,-5,60,60,HOLD_60,,47070
2026-08-09T00:34:15-0700,ngr/loco/9950011/state/station,9950011,ZONE_HOLD,1,Bamboo,-4,60,60,HOLD_60,,47082
2026-08-09T00:34:18-0700,ngr/loco/9950011/state/station,9950011,ZONE_HOLD,1,Bamboo,-3,60,60,HOLD_60,,47093
2026-08-09T00:34:20-0700,ngr/loco/9950011/state/station,9950011,ZONE_HOLD,1,Bamboo,-2,60,60,HOLD_60,,47106
2026-08-09T00:34:23-0700,ngr/loco/9950011/state/station,9950011,ZONE_HOLD,1,Bamboo,-1,60,60,HOLD_60,,47118
2026-08-09T00:34:26-0700,ngr/loco/9950011/state/station,9950011,FINAL_APPROACH,2,Bamboo,0,60,60,LOCATION_TRIGGERED_TARGETS,,47132
2026-08-09T00:34:26-0700,ngr/loco/9950011/state/station,9950011,FINAL_TARGET,2,Bamboo,0,60,60,AT_CENTRE_ZONE_SPEED,,47133
2026-08-09T00:34:30-0700,ngr/loco/9950011/state/station,9950011,ZERO_RAMP,3,Bamboo,1,0,60,TRIGGER_M2_REACHED,,47147
2026-08-09T00:34:32-0700,ngr/loco/9950011/state/station,9950011,DWELL_BEGIN,4,Bamboo,1,0,0,FIXED_DWELL,,47158
2026-08-09T00:34:47-0700,ngr/loco/9950011/state/station,9950011,DWELL_COMPLETE,5,Bamboo,1,100,0,DEPART_TO_CRUISE,,47205
2026-08-09T00:34:53-0700,ngr/loco/9950011/state/station,9950011,DEPARTURE_COMPLETE,5,Bamboo,4,100,100,CLEARED_ZONE,,47233
2026-08-09T00:34:53-0700,ngr/loco/9950011/state/station,9950011,RESET,0,NONE,999,100,100,DEPARTED,,47234
2026-08-09T00:35:12-0700,ngr/loco/9950011/state/station,9950011,ARMED,1,Patio,-12,100,100,RANGE_ARM_NORMAL,,47334
2026-08-09T00:35:15-0700,ngr/loco/9950011/state/station,9950011,APPROACH,1,Patio,-10,92,100,DERIVED_CRUISE_TO_ZONE,,47351
2026-08-09T00:35:16-0700,ngr/loco/9950011/state/station,9950011,APPROACH,1,Patio,-9,84,93,DERIVED_CRUISE_TO_ZONE,,47361
2026-08-09T00:35:18-0700,ngr/loco/9950011/state/station,9950011,APPROACH,1,Patio,-8,76,85,DERIVED_CRUISE_TO_ZONE,,47370
2026-08-09T00:35:20-0700,ngr/loco/9950011/state/station,9950011,APPROACH,1,Patio,-7,68,76,DERIVED_CRUISE_TO_ZONE,,47382
2026-08-09T00:35:23-0700,ngr/loco/9950011/state/station,9950011,APPROACH,1,Patio,-6,60,68,DERIVED_CRUISE_TO_ZONE,,47394
2026-08-09T00:35:26-0700,ngr/loco/9950011/state/station,9950011,ZONE_HOLD,1,Patio,-5,60,60,HOLD_60,,47410
2026-08-09T00:35:29-0700,ngr/loco/9950011/state/station,9950011,ZONE_HOLD,1,Patio,-4,60,60,HOLD_60,,47424
2026-08-09T00:35:32-0700,ngr/loco/9950011/state/station,9950011,ZONE_HOLD,1,Patio,-3,60,60,HOLD_60,,47436
2026-08-09T00:35:35-0700,ngr/loco/9950011/state/station,9950011,ZONE_HOLD,1,Patio,-2,60,60,HOLD_60,,47450
2026-08-09T00:35:39-0700,ngr/loco/9950011/state/station,9950011,ZONE_HOLD,1,Patio,-1,60,60,HOLD_60,,47462
2026-08-09T00:35:41-0700,ngr/loco/9950011/state/station,9950011,FINAL_APPROACH,2,Patio,0,60,60,LOCATION_TRIGGERED_TARGETS,,47479
2026-08-09T00:35:41-0700,ngr/loco/9950011/state/station,9950011,FINAL_TARGET,2,Patio,0,60,60,AT_CENTRE_ZONE_SPEED,,47480
2026-08-09T00:35:45-0700,ngr/loco/9950011/state/station,9950011,FINAL_TARGET,2,Patio,1,45,60,M_PLUS_1_FINAL_SPEED,,47494
2026-08-09T00:35:50-0700,ngr/loco/9950011/state/station,9950011,ZERO_RAMP,3,Patio,1,0,45,TRIGGER_M1_TIMEOUT_DID_NOT_REACH_M2,,47513
2026-08-09T00:35:53-0700,ngr/loco/9950011/state/station,9950011,DWELL_BEGIN,4,Patio,1,0,0,FIXED_DWELL,,47522
2026-08-09T00:36:08-0700,ngr/loco/9950011/state/station,9950011,DWELL_COMPLETE,5,Patio,1,100,0,DEPART_TO_CRUISE,,47570
2026-08-09T00:36:14-0700,ngr/loco/9950011/state/station,9950011,DEPARTURE_COMPLETE,5,Patio,5,100,100,CLEARED_ZONE,,47604
2026-08-09T00:36:14-0700,ngr/loco/9950011/state/station,9950011,RESET,0,NONE,999,100,100,DEPARTED,,47605
