prev_mm,next_mm,direction,pass_index,map_mm,ir_mm,pulses,signed_residual_mm,abs_residual_mm,pct_residual,ratio,seconds,offset_ms,unreliable_delta,prev_time,next_time,prev_peak,prev_ratio,prev_resid,prev_obs,prev_gap_ms,prev_duration_ms,next_peak,next_ratio,next_resid,next_obs,next_gap_ms,next_duration_ms
41,42,CW,1,300,308.864,32,8.864,8.864,2.9547,1.029547,1.593,30.9,0,2026-09-20T12:11:50.261-07:00,2026-09-20T12:11:51.854-07:00,219,1.153,0.0703,S,0,233,197,1.037,0.0852,N,1415,178
42,43,CW,1,300,289.56,30,-10.44,10.44,-3.48,0.9652,1.428,30.9,0,2026-09-20T12:11:51.854-07:00,2026-09-20T12:11:53.282-07:00,197,1.037,0.0852,N,1415,178,220,1.158,0.072,S,1253,175
43,44,CW,1,300,308.864,32,8.864,8.864,2.9547,1.029547,1.256,48.9,0,2026-09-20T12:11:53.282-07:00,2026-09-20T12:11:54.538-07:00,220,1.158,0.072,S,1253,175,198,1.042,0.0793,N,1099,157
44,45,CW,1,300,279.908,29,-20.092,20.092,-6.6973,0.933027,1.274,48.9,0,2026-09-20T12:11:54.538-07:00,2026-09-20T12:11:55.812-07:00,198,1.042,0.0793,N,1099,157,222,1.168,0.0689,S,1103,171
45,46,CW,1,300,308.864,32,8.864,8.864,2.9547,1.029547,1.298,24.1,0,2026-09-20T12:11:55.812-07:00,2026-09-20T12:11:57.110-07:00,222,1.168,0.0689,S,1103,171,237,1.247,0.0675,S,1132,166
46,47,CW,1,300,308.864,32,8.864,8.864,2.9547,1.029547,1.243,37.9,0,2026-09-20T12:11:57.110-07:00,2026-09-20T12:11:58.353-07:00,237,1.247,0.0675,S,1132,166,222,1.168,0.0713,S,1076,167
47,48,CW,1,300,289.56,30,-10.44,10.44,-3.48,0.9652,1.261,37.9,0,2026-09-20T12:11:58.353-07:00,2026-09-20T12:11:59.614-07:00,222,1.168,0.0713,S,1076,167,211,1.111,0.0778,N,1104,157
48,49,CW,1,300,299.212,31,-0.788,0.788,-0.2627,0.997373,1.282,22.1,0,2026-09-20T12:11:59.614-07:00,2026-09-20T12:12:00.896-07:00,211,1.111,0.0778,N,1104,157,220,1.0,0.0734,N,1115,167
49,50,CW,1,300,299.212,31,-0.788,0.788,-0.2627,0.997373,1.332,33.1,0,2026-09-20T12:12:00.896-07:00,2026-09-20T12:12:02.228-07:00,220,1.0,0.0734,N,1115,167,199,0.905,0.0763,S,1162,170
50,51,CW,1,300,318.516,33,18.516,18.516,6.172,1.06172,1.324,42.9,0,2026-09-20T12:12:02.228-07:00,2026-09-20T12:12:03.552-07:00,199,0.905,0.0763,S,1162,170,220,1.0,0.0759,N,1167,157
51,52,CW,1,300,279.908,29,-20.092,20.092,-6.6973,0.933027,1.276,42.9,0,2026-09-20T12:12:03.552-07:00,2026-09-20T12:12:04.828-07:00,220,1.0,0.0759,N,1167,157,218,0.991,0.07,S,1107,169
52,53,CW,1,300,308.864,32,8.864,8.864,2.9547,1.029547,1.294,33.1,0,2026-09-20T12:12:04.828-07:00,2026-09-20T12:12:06.122-07:00,218,0.991,0.07,S,1107,169,214,0.973,0.0709,S,1131,163
53,54,CW,1,300,299.212,31,-0.788,0.788,-0.2627,0.997373,1.303,30.1,0,2026-09-20T12:12:06.122-07:00,2026-09-20T12:12:07.425-07:00,214,0.973,0.0709,S,1131,163,224,1.023,0.0731,S,1140,163
54,55,CW,1,300,328.168,34,28.168,28.168,9.3893,1.093893,1.261,108.9,0,2026-09-20T12:12:07.425-07:00,2026-09-20T12:12:08.686-07:00,224,1.023,0.0731,S,1140,163,220,1.0,0.0706,S,1099,161
55,56,CW,1,300,289.56,30,-10.44,10.44,-3.48,0.9652,1.276,108.9,0,2026-09-20T12:12:08.686-07:00,2026-09-20T12:12:09.962-07:00,220,1.0,0.0706,S,1099,161,211,0.959,0.0734,N,1115,161
56,57,CW,1,300,279.908,29,-20.092,20.092,-6.6973,0.933027,1.276,43.1,0,2026-09-20T12:12:09.962-07:00,2026-09-20T12:12:11.238-07:00,211,0.959,0.0734,N,1115,161,213,0.968,0.0771,S,1125,152
57,58,CW,1,295,318.516,33,23.516,23.516,7.9715,1.079715,1.372,43.1,0,2026-09-20T12:12:11.238-07:00,2026-09-20T12:12:12.610-07:00,213,0.968,0.0771,S,1125,152,224,1.023,0.066,S,1207,165
58,59,CW,1,320,328.168,34,8.168,8.168,2.5525,1.025525,1.294,93.9,0,2026-09-20T12:12:12.610-07:00,2026-09-20T12:12:13.904-07:00,224,1.023,0.066,S,1207,165,244,1.109,0.0722,N,1112,182
59,60,CW,1,300,299.212,31,-0.788,0.788,-0.2627,0.997373,1.548,93.9,0,2026-09-20T12:12:13.904-07:00,2026-09-20T12:12:15.452-07:00,244,1.109,0.0722,N,1112,182,217,0.986,0.0766,S,1354,194
60,61,CW,1,315,318.516,33,3.516,3.516,1.1162,1.011162,1.628,46.9,0,2026-09-20T12:12:15.452-07:00,2026-09-20T12:12:17.080-07:00,217,0.986,0.0766,S,1354,194,232,1.055,0.0698,N,1444,183
61,62,CW,1,320,318.516,33,-1.484,1.484,-0.4638,0.995362,1.772,47.9,0,2026-09-20T12:12:17.080-07:00,2026-09-20T12:12:18.852-07:00,232,1.055,0.0698,N,1444,183,218,0.991,0.0791,S,1545,227
62,63,CW,1,315,279.908,29,-35.092,35.092,-11.1403,0.888597,1.746,47.9,0,2026-09-20T12:12:18.852-07:00,2026-09-20T12:12:20.598-07:00,218,0.991,0.0791,S,1545,227,250,1.136,0.0644,N,1510,236
63,64,CW,1,325,337.82,35,12.82,12.82,3.9446,1.039446,1.72,82.9,0,2026-09-20T12:12:20.598-07:00,2026-09-20T12:12:22.318-07:00,250,1.136,0.0644,N,1510,236,219,0.995,0.0771,S,1489,231
66,67,CW,1,300,308.864,32,8.864,8.864,2.9547,1.029547,1.541,37.9,0,2026-09-20T12:12:25.926-07:00,2026-09-20T12:12:27.467-07:00,188,0.858,0.0568,N,1536,185,164,0.749,0.0722,S,1352,189
67,68,CW,1,305,318.516,33,13.516,13.516,4.4315,1.044315,1.492,47.9,0,2026-09-20T12:12:27.467-07:00,2026-09-20T12:12:28.959-07:00,164,0.749,0.0722,S,1352,189,186,0.849,0.0573,S,1306,185
68,69,CW,1,300,270.256,28,-29.744,29.744,-9.9147,0.900853,1.516,68.1,0,2026-09-20T12:12:28.959-07:00,2026-09-20T12:12:30.475-07:00,186,0.849,0.0573,S,1306,185,184,0.84,0.062,N,1337,179
69,70,CW,1,300,318.516,33,18.516,18.516,6.172,1.06172,1.539,68.1,0,2026-09-20T12:12:30.475-07:00,2026-09-20T12:12:32.014-07:00,184,0.84,0.062,N,1337,179,166,0.761,0.0667,S,1357,182
70,71,CW,1,295,289.56,30,-5.44,5.44,-1.8441,0.981559,1.428,32.1,0,2026-09-20T12:12:32.014-07:00,2026-09-20T12:12:33.442-07:00,166,0.761,0.0667,S,1357,182,178,0.817,0.0724,N,1252,176
71,72,CW,1,295,308.864,32,13.864,13.864,4.6997,1.046997,1.45,32.1,0,2026-09-20T12:12:33.442-07:00,2026-09-20T12:12:34.892-07:00,178,0.817,0.0724,N,1252,176,179,0.821,0.0636,S,1274,176
72,73,CW,1,300,299.212,31,-0.788,0.788,-0.2627,0.997373,1.643,23.1,0,2026-09-20T12:12:34.892-07:00,2026-09-20T12:12:36.535-07:00,179,0.821,0.0636,S,1274,176,181,0.834,0.0594,N,1410,233
73,74,CW,1,300,308.864,32,8.864,8.864,2.9547,1.029547,1.866,23.1,0,2026-09-20T12:12:36.535-07:00,2026-09-20T12:12:38.401-07:00,181,0.834,0.0594,N,1410,233,190,0.876,0.0572,N,1623,243
74,75,CW,1,300,299.212,31,-0.788,0.788,-0.2627,0.997373,2.024,11.9,0,2026-09-20T12:12:38.401-07:00,2026-09-20T12:12:40.425-07:00,190,0.876,0.0572,N,1623,243,193,0.902,0.058,S,1796,228
75,76,CW,1,300,299.212,31,-0.788,0.788,-0.2627,0.997373,1.835,45.1,0,2026-09-20T12:12:40.425-07:00,2026-09-20T12:12:42.260-07:00,193,0.902,0.058,S,1796,228,177,0.827,0.0623,N,1616,219
76,77,CW,1,300,308.864,32,8.864,8.864,2.9547,1.029547,1.574,45.1,0,2026-09-20T12:12:42.260-07:00,2026-09-20T12:12:43.834-07:00,177,0.827,0.0623,N,1616,219,176,0.826,0.0567,N,1398,176
77,78,CW,1,300,299.212,31,-0.788,0.788,-0.2627,0.997373,1.396,19.1,0,2026-09-20T12:12:43.834-07:00,2026-09-20T12:12:45.230-07:00,176,0.826,0.0567,N,1398,176,196,0.929,0.0533,N,1221,175
78,79,CW,1,300,299.212,31,-0.788,0.788,-0.2627,0.997373,1.393,15.1,0,2026-09-20T12:12:45.230-07:00,2026-09-20T12:12:46.623-07:00,196,0.929,0.0533,N,1221,175,230,1.09,0.045,S,1210,183
79,80,CW,1,305,308.864,32,3.864,3.864,1.2669,1.012669,1.379,14.9,0,2026-09-20T12:12:46.623-07:00,2026-09-20T12:12:48.002-07:00,230,1.09,0.045,S,1210,183,221,1.047,0.0492,N,1203,176
82,83,CW,1,305,337.82,35,32.82,32.82,10.7607,1.107607,1.577,91.1,0,2026-09-20T12:12:50.710-07:00,2026-09-20T12:12:52.287-07:00,203,0.953,0.0537,N,1181,187,215,1.019,0.0523,N,1398,179
83,84,CW,1,300,299.212,31,-0.788,0.788,-0.2627,0.997373,1.306,33.9,0,2026-09-20T12:12:52.287-07:00,2026-09-20T12:12:53.593-07:00,215,1.019,0.0523,N,1398,179,228,1.081,0.0522,S,1128,178
84,85,CW,1,300,308.864,32,8.864,8.864,2.9547,1.029547,1.387,42.9,0,2026-09-20T12:12:53.593-07:00,2026-09-20T12:12:54.980-07:00,228,1.081,0.0522,S,1128,178,214,1.014,0.0491,S,1220,167
85,86,CW,1,330,328.168,34,-1.832,1.832,-0.5552,0.994448,1.398,45.9,0,2026-09-20T12:12:54.980-07:00,2026-09-20T12:12:56.378-07:00,214,1.014,0.0491,S,1220,167,196,0.929,0.0563,S,1232,166
86,87,CW,1,300,299.212,31,-0.788,0.788,-0.2627,0.997373,1.222,45.9,0,2026-09-20T12:12:56.378-07:00,2026-09-20T12:12:57.600-07:00,196,0.929,0.0563,S,1232,166,220,1.084,0.0492,N,1062,160
87,88,CW,1,300,299.212,31,-0.788,0.788,-0.2627,0.997373,1.236,23.9,0,2026-09-20T12:12:57.600-07:00,2026-09-20T12:12:58.836-07:00,220,1.084,0.0492,N,1062,160,239,1.177,0.0449,N,1079,157
88,89,CW,1,305,299.212,31,-5.788,5.788,-1.8977,0.981023,1.118,26.1,0,2026-09-20T12:12:58.836-07:00,2026-09-20T12:12:59.954-07:00,239,1.177,0.0449,N,1079,157,230,1.133,0.0526,S,981,137
89,90,CW,1,300,299.212,31,-0.788,0.788,-0.2627,0.997373,1.12,45.1,0,2026-09-20T12:12:59.954-07:00,2026-09-20T12:13:01.074-07:00,230,1.133,0.0526,S,981,137,202,0.995,0.056,N,970,150
90,91,CW,1,300,289.56,30,-10.44,10.44,-3.48,0.9652,1.13,73.1,0,2026-09-20T12:13:01.074-07:00,2026-09-20T12:13:02.204-07:00,202,0.995,0.056,N,970,150,196,0.97,0.0626,N,969,161
93,94,CW,1,300,289.56,30,-10.44,10.44,-3.48,0.9652,1.246,80.1,0,2026-09-20T12:13:04.669-07:00,2026-09-20T12:13:05.915-07:00,219,1.117,0.0546,S,1092,165,201,1.026,0.0565,N,1072,174
94,95,CW,1,300,308.864,32,8.864,8.864,2.9547,1.029547,1.265,80.1,0,2026-09-20T12:13:05.915-07:00,2026-09-20T12:13:07.180-07:00,201,1.026,0.0565,N,1072,174,220,1.122,0.0531,S,1122,143
95,96,CW,1,300,308.864,32,8.864,8.864,2.9547,1.029547,1.245,45.1,0,2026-09-20T12:13:07.180-07:00,2026-09-20T12:13:08.425-07:00,220,1.122,0.0531,S,1122,143,214,1.092,0.0571,N,1087,158
96,97,CW,1,300,308.864,32,8.864,8.864,2.9547,1.029547,1.28,30.9,0,2026-09-20T12:13:08.425-07:00,2026-09-20T12:13:09.705-07:00,214,1.092,0.0571,N,1087,158,224,1.114,0.0445,N,1112,168
97,98,CW,1,300,289.56,30,-10.44,10.44,-3.48,0.9652,1.222,30.9,0,2026-09-20T12:13:09.705-07:00,2026-09-20T12:13:10.927-07:00,224,1.114,0.0445,N,1112,168,210,1.04,0.0597,S,1075,146
100,101,CW,1,300,299.212,31,-0.788,0.788,-0.2627,0.997373,1.139,39.1,0,2026-09-20T12:13:13.341-07:00,2026-09-20T12:13:14.480-07:00,204,0.971,0.0779,N,1029,136,194,0.924,0.0781,S,1006,133
103,104,CW,1,300,337.82,35,37.82,37.82,12.6067,1.126067,1.055,100.9,0,2026-09-20T12:13:16.689-07:00,2026-09-20T12:13:17.744-07:00,174,0.813,0.0601,N,889,139,177,0.827,0.0557,S,920,135
104,105,CW,1,300,279.908,29,-20.092,20.092,-6.6973,0.933027,1.152,100.9,0,2026-09-20T12:13:17.744-07:00,2026-09-20T12:13:18.896-07:00,177,0.827,0.0557,S,920,135,192,0.897,0.0606,S,996,156
105,106,CW,1,300,299.212,31,-0.788,0.788,-0.2627,0.997373,1.219,48.9,0,2026-09-20T12:13:18.896-07:00,2026-09-20T12:13:20.115-07:00,192,0.897,0.0606,S,996,156,152,0.71,0.0697,S,1054,165
106,107,CW,1,300,289.56,30,-10.44,10.44,-3.48,0.9652,1.227,31.9,0,2026-09-20T12:13:20.115-07:00,2026-09-20T12:13:21.342-07:00,152,0.71,0.0697,S,1054,165,171,0.799,0.0614,N,1078,149
107,108,CW,1,300,299.212,31,-0.788,0.788,-0.2627,0.997373,1.23,22.1,0,2026-09-20T12:13:21.342-07:00,2026-09-20T12:13:22.572-07:00,171,0.799,0.0614,N,1078,149,138,0.645,0.0726,N,1064,166
108,109,CW,1,305,299.212,31,-5.788,5.788,-1.8977,0.981023,1.296,22.1,0,2026-09-20T12:13:22.572-07:00,2026-09-20T12:13:23.868-07:00,138,0.645,0.0726,N,1064,166,188,0.879,0.0538,N,1117,179
109,110,CW,1,300,308.864,32,8.864,8.864,2.9547,1.029547,1.695,17.1,0,2026-09-20T12:13:23.868-07:00,2026-09-20T12:13:25.563-07:00,188,0.879,0.0538,N,1117,179,177,0.827,0.0882,N,1490,205
110,111,CW,1,300,328.168,34,28.168,28.168,9.3893,1.093893,1.634,53.9,0,2026-09-20T12:13:25.563-07:00,2026-09-20T12:13:27.197-07:00,177,0.827,0.0882,N,1490,205,214,1.019,0.0739,N,1467,167
111,112,CW,1,320,289.56,30,-30.44,30.44,-9.5125,0.904875,1.323,69.1,0,2026-09-20T12:13:27.197-07:00,2026-09-20T12:13:28.520-07:00,214,1.019,0.0739,N,1467,167,214,1.019,0.0723,N,1163,160
112,113,CW,1,320,328.168,34,8.168,8.168,2.5525,1.025525,1.278,69.1,0,2026-09-20T12:13:28.520-07:00,2026-09-20T12:13:29.798-07:00,214,1.019,0.0723,N,1163,160,194,0.924,0.0792,N,1133,144
113,114,CW,1,300,308.864,32,8.864,8.864,2.9547,1.029547,1.148,47.1,0,2026-09-20T12:13:29.798-07:00,2026-09-20T12:13:30.946-07:00,194,0.924,0.0792,N,1133,144,193,0.919,0.0745,S,1005,143
114,115,CW,1,300,289.56,30,-10.44,10.44,-3.48,0.9652,1.135,28.1,0,2026-09-20T12:13:30.946-07:00,2026-09-20T12:13:32.081-07:00,193,0.919,0.0745,S,1005,143,217,1.064,0.0714,N,990,145
115,116,CW,1,300,289.56,30,-10.44,10.44,-3.48,0.9652,1.246,74.1,0,2026-09-20T12:13:32.081-07:00,2026-09-20T12:13:33.327-07:00,217,1.064,0.0714,N,990,145,191,0.936,0.0775,S,1096,150
116,117,CW,1,300,318.516,33,18.516,18.516,6.172,1.06172,1.236,74.1,0,2026-09-20T12:13:33.327-07:00,2026-09-20T12:13:34.563-07:00,191,0.936,0.0775,S,1096,150,193,0.955,0.0804,S,1073,163
117,118,CW,1,300,299.212,31,-0.788,0.788,-0.2627,0.997373,1.199,8.1,0,2026-09-20T12:13:34.563-07:00,2026-09-20T12:13:35.762-07:00,193,0.955,0.0804,S,1073,163,195,0.965,0.0735,N,1045,154
118,119,CW,1,300,308.864,32,8.864,8.864,2.9547,1.029547,1.202,7.1,0,2026-09-20T12:13:35.762-07:00,2026-09-20T12:13:36.964-07:00,195,0.965,0.0735,N,1045,154,218,1.085,0.0756,N,1053,149
119,120,CW,1,300,289.56,30,-10.44,10.44,-3.48,0.9652,1.114,21.1,0,2026-09-20T12:13:36.964-07:00,2026-09-20T12:13:38.078-07:00,218,1.085,0.0756,N,1053,149,201,1.0,0.0736,N,974,140
120,121,CW,1,300,308.864,32,8.864,8.864,2.9547,1.029547,1.084,21.1,0,2026-09-20T12:13:38.078-07:00,2026-09-20T12:13:39.162-07:00,201,1.0,0.0736,N,974,140,234,1.164,0.0748,S,953,131
121,122,CW,1,300,260.604,27,-39.396,39.396,-13.132,0.86868,1.018,21.1,0,2026-09-20T12:13:39.162-07:00,2026-09-20T12:13:40.180-07:00,234,1.164,0.0748,S,953,131,209,1.04,0.0777,S,872,146
122,123,CW,1,300,299.212,31,-0.788,0.788,-0.2627,0.997373,1.03,49.9,0,2026-09-20T12:13:40.180-07:00,2026-09-20T12:13:41.210-07:00,209,1.04,0.0777,S,872,146,222,1.104,0.0728,S,883,147
123,124,CW,1,300,250.952,26,-49.048,49.048,-16.3493,0.836507,1.061,49.9,0,2026-09-20T12:13:41.210-07:00,2026-09-20T12:13:42.271-07:00,222,1.104,0.0728,S,883,147,219,1.09,0.0746,N,908,153
124,125,CW,1,300,289.56,30,-10.44,10.44,-3.48,0.9652,1.053,37.9,0,2026-09-20T12:13:42.271-07:00,2026-09-20T12:13:43.324-07:00,219,1.09,0.0746,N,908,153,206,1.025,0.0756,S,907,146
125,126,CW,1,300,260.604,27,-39.396,39.396,-13.132,0.86868,1.069,37.9,0,2026-09-20T12:13:43.324-07:00,2026-09-20T12:13:44.393-07:00,206,1.025,0.0756,S,907,146,220,1.078,0.0671,N,921,148
126,127,CW,1,280,289.56,30,9.56,9.56,3.4143,1.034143,1.043,30.1,0,2026-09-20T12:13:44.393-07:00,2026-09-20T12:13:45.436-07:00,220,1.078,0.0671,N,921,148,214,1.049,0.0748,N,892,152
127,128,CW,1,300,270.256,28,-29.744,29.744,-9.9147,0.900853,1.366,39.1,0,2026-09-20T12:13:45.436-07:00,2026-09-20T12:13:46.802-07:00,214,1.049,0.0748,N,892,152,235,1.152,0.0742,S,1203,163
128,129,CW,1,300,289.56,30,-10.44,10.44,-3.48,0.9652,1.053,39.1,0,2026-09-20T12:13:46.802-07:00,2026-09-20T12:13:47.855-07:00,235,1.152,0.0742,S,1203,163,198,0.971,0.058,N,909,144
129,130,CW,1,290,318.516,33,28.516,28.516,9.8331,1.098331,1.202,8.9,0,2026-09-20T12:13:47.855-07:00,2026-09-20T12:13:49.057-07:00,198,0.971,0.058,N,909,144,177,0.881,0.0592,S,1068,134
130,131,CW,1,300,318.516,33,18.516,18.516,6.172,1.06172,1.176,31.9,0,2026-09-20T12:13:49.057-07:00,2026-09-20T12:13:50.233-07:00,177,0.881,0.0592,S,1068,134,155,0.783,0.0669,N,1046,129
131,132,CW,1,300,279.908,29,-20.092,20.092,-6.6973,0.933027,1.061,31.9,0,2026-09-20T12:13:50.233-07:00,2026-09-20T12:13:51.294-07:00,155,0.783,0.0669,N,1046,129,154,0.79,0.0646,N,934,127
132,133,CW,1,300,308.864,32,8.864,8.864,2.9547,1.029547,1.076,27.1,0,2026-09-20T12:13:51.294-07:00,2026-09-20T12:13:52.370-07:00,154,0.79,0.0646,N,934,127,164,0.841,0.0628,S,944,132
133,134,CW,1,300,260.604,27,-39.396,39.396,-13.132,0.86868,1.031,132.1,0,2026-09-20T12:13:52.370-07:00,2026-09-20T12:13:53.401-07:00,164,0.841,0.0628,S,944,132,159,0.82,0.0638,S,899,132
134,135,CW,1,300,337.82,35,37.82,37.82,12.6067,1.126067,1.095,132.1,0,2026-09-20T12:13:53.401-07:00,2026-09-20T12:13:54.496-07:00,159,0.82,0.0638,S,899,132,189,0.974,0.0564,N,965,129
135,136,CW,1,300,308.864,32,8.864,8.864,2.9547,1.029547,1.052,27.1,0,2026-09-20T12:13:54.496-07:00,2026-09-20T12:13:55.548-07:00,189,0.974,0.0564,N,965,129,181,0.933,0.0585,N,922,130
136,137,CW,1,300,279.908,29,-20.092,20.092,-6.6973,0.933027,1.056,33.1,0,2026-09-20T12:13:55.548-07:00,2026-09-20T12:13:56.604-07:00,181,0.933,0.0585,N,922,130,159,0.82,0.062,S,926,130
137,138,CW,1,300,328.168,34,28.168,28.168,9.3893,1.093893,1.188,80.9,0,2026-09-20T12:13:56.604-07:00,2026-09-20T12:13:57.792-07:00,159,0.82,0.062,S,926,130,163,0.84,0.068,S,1038,150
138,139,CW,1,300,299.212,31,-0.788,0.788,-0.2627,0.997373,1.146,80.9,0,2026-09-20T12:13:57.792-07:00,2026-09-20T12:13:58.938-07:00,163,0.84,0.068,S,1038,150,169,0.871,0.0599,S,1003,143
139,140,CW,1,300,299.212,31,-0.788,0.788,-0.2627,0.997373,1.089,46.9,0,2026-09-20T12:13:58.938-07:00,2026-09-20T12:14:00.027-07:00,169,0.871,0.0599,S,1003,143,130,0.67,0.0784,S,946,143
140,141,CW,1,300,328.168,34,28.168,28.168,9.3893,1.093893,1.104,143.9,0,2026-09-20T12:14:00.027-07:00,2026-09-20T12:14:01.131-07:00,130,0.67,0.0784,S,946,143,141,0.727,0.0721,S,961,144
141,142,CW,1,300,221.996,23,-78.004,78.004,-26.0013,0.739987,1.081,143.9,0,2026-09-20T12:14:01.131-07:00,2026-09-20T12:14:02.212-07:00,141,0.727,0.0721,S,961,144,174,0.897,0.0628,N,947,134
142,143,CW,1,300,347.472,36,47.472,47.472,15.824,1.15824,1.105,137.1,0,2026-09-20T12:14:02.212-07:00,2026-09-20T12:14:03.317-07:00,174,0.897,0.0628,N,947,134,180,0.933,0.0623,S,967,138
143,144,CW,1,300,279.908,29,-20.092,20.092,-6.6973,0.933027,1.181,58.9,0,2026-09-20T12:14:03.317-07:00,2026-09-20T12:14:04.498-07:00,180,0.933,0.0623,S,967,138,162,0.839,0.0735,N,1049,132
144,145,CW,1,305,318.516,33,13.516,13.516,4.4315,1.044315,1.351,27.9,0,2026-09-20T12:14:04.498-07:00,2026-09-20T12:14:05.849-07:00,162,0.839,0.0735,N,1049,132,191,1.0,0.0611,N,1191,160
145,146,CW,1,300,279.908,29,-20.092,20.092,-6.6973,0.933027,1.176,47.1,0,2026-09-20T12:14:05.849-07:00,2026-09-20T12:14:07.025-07:00,191,1.0,0.0611,N,1191,160,189,0.99,0.0604,N,1034,142
146,147,CW,1,305,318.516,33,13.516,13.516,4.4315,1.044315,1.176,47.1,0,2026-09-20T12:14:07.025-07:00,2026-09-20T12:14:08.201-07:00,189,0.99,0.0604,N,1034,142,202,1.069,0.0523,N,1028,148
147,148,CW,1,300,308.864,32,8.864,8.864,2.9547,1.029547,1.166,22.1,0,2026-09-20T12:14:08.201-07:00,2026-09-20T12:14:09.367-07:00,202,1.069,0.0523,N,1028,148,163,0.862,0.0641,S,1036,130
148,149,CW,1,295,299.212,31,4.212,4.212,1.4278,1.014278,1.111,12.9,0,2026-09-20T12:14:09.367-07:00,2026-09-20T12:14:10.478-07:00,163,0.862,0.0641,S,1036,130,173,0.915,0.0635,N,974,137
149,150,CW,1,300,308.864,32,8.864,8.864,2.9547,1.029547,1.077,24.9,0,2026-09-20T12:14:10.478-07:00,2026-09-20T12:14:11.555-07:00,173,0.915,0.0635,N,974,137,188,1.039,0.0579,S,947,130
150,151,CW,1,300,308.864,32,8.864,8.864,2.9547,1.029547,1.15,75.9,0,2026-09-20T12:14:11.555-07:00,2026-09-20T12:14:12.705-07:00,188,1.039,0.0579,S,947,130,173,0.956,0.0572,N,1002,148
151,152,CW,1,300,328.168,34,28.168,28.168,9.3893,1.093893,1.309,75.9,0,2026-09-20T12:14:12.705-07:00,2026-09-20T12:14:14.014-07:00,173,0.956,0.0572,N,1002,148,155,0.861,0.0669,N,1158,152
152,153,CW,1,305,270.256,28,-34.744,34.744,-11.3915,0.886085,1.043,67.9,0,2026-09-20T12:14:14.014-07:00,2026-09-20T12:14:15.057-07:00,155,0.861,0.0669,N,1158,152,192,1.085,0.0511,N,900,143
153,154,CW,1,300,279.908,29,-20.092,20.092,-6.6973,0.933027,1.162,36.1,0,2026-09-20T12:14:15.057-07:00,2026-09-20T12:14:16.219-07:00,192,1.085,0.0511,N,900,143,187,1.056,0.0607,S,1023,139
154,155,CW,1,300,299.212,31,-0.788,0.788,-0.2627,0.997373,1.197,36.1,0,2026-09-20T12:14:16.219-07:00,2026-09-20T12:14:17.416-07:00,187,1.056,0.0607,S,1023,139,193,1.09,0.0584,N,1046,151
155,156,CW,1,305,318.516,33,13.516,13.516,4.4315,1.044315,1.278,31.1,0,2026-09-20T12:14:17.416-07:00,2026-09-20T12:14:18.694-07:00,193,1.09,0.0584,N,1046,151,209,1.181,0.08,S,1129,149
158,159,CW,1,320,376.428,39,56.428,56.428,17.6337,1.176338,1.231,127.1,0,2026-09-20T12:14:21.214-07:00,2026-09-20T12:14:22.445-07:00,181,1.023,0.062,S,985,136,196,1.107,0.077,S,1088,143
159,160,CW,1,300,289.56,30,-10.44,10.44,-3.48,0.9652,1.113,41.9,0,2026-09-20T12:14:22.445-07:00,2026-09-20T12:14:23.558-07:00,196,1.107,0.077,S,1088,143,192,1.085,0.075,N,969,144
160,161,CW,1,300,318.516,33,18.516,18.516,6.172,1.06172,1.37,40.1,0,2026-09-20T12:14:23.558-07:00,2026-09-20T12:14:24.928-07:00,192,1.085,0.075,N,969,144,193,1.09,0.0738,S,1210,160
163,164,CW,1,330,347.472,36,17.472,17.472,5.2945,1.052945,1.451,31.1,0,2026-09-20T12:14:27.820-07:00,2026-09-20T12:14:29.271-07:00,210,1.16,0.0791,S,1307,163,195,1.077,0.0763,S,1289,162
164,165,CW,1,320,328.168,34,8.168,8.168,2.5525,1.025525,1.292,127.9,0,2026-09-20T12:14:29.271-07:00,2026-09-20T12:14:30.563-07:00,195,1.077,0.0763,S,1289,162,227,1.214,0.0763,S,1140,152
165,166,CW,1,325,299.212,31,-25.788,25.788,-7.9348,0.920652,1.302,127.9,0,2026-09-20T12:14:30.563-07:00,2026-09-20T12:14:31.865-07:00,227,1.214,0.0763,S,1140,152,207,1.107,0.0761,S,1152,150
166,167,CW,1,315,289.56,30,-25.44,25.44,-8.0762,0.919238,1.318,90.1,0,2026-09-20T12:14:31.865-07:00,2026-09-20T12:14:33.183-07:00,207,1.107,0.0761,S,1152,150,188,1.005,0.0811,N,1169,149
0,1,CW,1,330,328.168,34,-1.832,1.832,-0.5552,0.994448,1.291,8.9,0,2026-09-20T12:14:38.496-07:00,2026-09-20T12:14:39.787-07:00,241,1.262,0.0664,N,1171,152,333,1.734,0.0736,N,1134,157
1,2,CW,1,340,328.168,34,-11.832,11.832,-3.48,0.9652,1.468,58.1,0,2026-09-20T12:14:39.787-07:00,2026-09-20T12:14:41.255-07:00,333,1.734,0.0736,N,1134,157,276,1.438,0.0705,S,1304,165
2,3,CW,1,330,337.82,35,7.82,7.82,2.3697,1.023697,1.415,58.1,0,2026-09-20T12:14:41.255-07:00,2026-09-20T12:14:42.670-07:00,276,1.438,0.0705,S,1304,165,280,1.451,0.0651,S,1239,176
3,4,CW,1,315,308.864,32,-6.136,6.136,-1.9479,0.980521,1.336,27.9,0,2026-09-20T12:14:42.670-07:00,2026-09-20T12:14:44.006-07:00,280,1.451,0.0651,S,1239,176,281,1.456,0.0651,S,1168,168
4,5,CW,1,325,328.168,34,3.168,3.168,0.9748,1.009748,1.353,41.9,0,2026-09-20T12:14:44.006-07:00,2026-09-20T12:14:45.359-07:00,281,1.456,0.0651,S,1168,168,254,1.303,0.073,N,1195,157
5,6,CW,1,330,308.864,32,-21.136,21.136,-6.4048,0.935952,1.361,41.9,0,2026-09-20T12:14:45.359-07:00,2026-09-20T12:14:46.720-07:00,254,1.303,0.073,N,1195,157,282,1.446,0.0658,N,1188,173
6,7,CW,1,315,318.516,33,3.516,3.516,1.1162,1.011162,1.385,18.1,0,2026-09-20T12:14:46.720-07:00,2026-09-20T12:14:48.105-07:00,282,1.446,0.0658,N,1188,173,202,1.031,0.0777,S,1226,159
7,8,CW,1,300,308.864,32,8.864,8.864,2.9547,1.029547,1.234,36.1,0,2026-09-20T12:14:48.105-07:00,2026-09-20T12:14:49.339-07:00,202,1.031,0.0777,S,1226,159,238,1.214,0.0747,S,1091,143
8,9,CW,1,300,318.516,33,18.516,18.516,6.172,1.06172,1.125,39.9,0,2026-09-20T12:14:49.339-07:00,2026-09-20T12:14:50.464-07:00,238,1.214,0.0747,S,1091,143,210,1.04,0.0738,S,982,143
9,10,CW,1,295,279.908,29,-15.092,15.092,-5.1159,0.948841,1.16,39.9,0,2026-09-20T12:14:50.464-07:00,2026-09-20T12:14:51.624-07:00,210,1.04,0.0738,S,982,143,227,1.124,0.0678,S,1004,156
10,11,CW,1,300,289.56,30,-10.44,10.44,-3.48,0.9652,1.249,68.1,0,2026-09-20T12:14:51.624-07:00,2026-09-20T12:14:52.873-07:00,227,1.124,0.0678,S,1004,156,213,1.029,0.072,N,1092,157
11,12,CW,1,290,318.516,33,28.516,28.516,9.8331,1.098331,1.191,68.1,0,2026-09-20T12:14:52.873-07:00,2026-09-20T12:14:54.064-07:00,213,1.029,0.072,N,1092,157,140,0.67,0.0768,N,1046,145
12,13,CW,1,300,289.56,30,-10.44,10.44,-3.48,0.9652,1.14,40.9,0,2026-09-20T12:14:54.064-07:00,2026-09-20T12:14:55.204-07:00,140,0.67,0.0768,N,1046,145,219,1.048,0.0683,N,980,160
13,14,CW,1,315,328.168,34,13.168,13.168,4.1803,1.041803,1.265,37.9,0,2026-09-20T12:14:55.204-07:00,2026-09-20T12:14:56.469-07:00,219,1.048,0.0683,N,980,160,197,0.938,0.0781,N,1118,147
14,15,CW,1,315,289.56,30,-25.44,25.44,-8.0762,0.919238,1.367,37.9,0,2026-09-20T12:14:56.469-07:00,2026-09-20T12:14:57.836-07:00,197,0.938,0.0781,N,1118,147,206,0.981,0.0767,S,1200,167
15,16,CW,1,325,318.516,33,-6.484,6.484,-1.9951,0.980049,1.394,28.1,0,2026-09-20T12:14:57.836-07:00,2026-09-20T12:14:59.230-07:00,206,0.981,0.0767,S,1200,167,196,0.933,0.0725,S,1238,156
16,17,CW,1,310,328.168,34,18.168,18.168,5.8606,1.058606,1.442,36.9,0,2026-09-20T12:14:59.230-07:00,2026-09-20T12:15:00.672-07:00,196,0.933,0.0725,S,1238,156,236,1.124,0.0707,N,1261,181
17,18,CW,1,300,289.56,30,-10.44,10.44,-3.48,0.9652,1.417,36.9,0,2026-09-20T12:15:00.672-07:00,2026-09-20T12:15:02.089-07:00,236,1.124,0.0707,N,1261,181,234,1.114,0.0655,S,1220,197
18,19,CW,1,300,279.908,29,-20.092,20.092,-6.6973,0.933027,1.261,38.1,0,2026-09-20T12:15:02.089-07:00,2026-09-20T12:15:03.350-07:00,234,1.114,0.0655,S,1220,197,242,1.136,0.0663,S,1106,155
19,20,CW,1,320,308.864,32,-11.136,11.136,-3.48,0.9652,1.114,48.9,0,2026-09-20T12:15:03.350-07:00,2026-09-20T12:15:04.464-07:00,242,1.136,0.0663,S,1106,155,232,1.059,0.0737,S,960,154
20,21,CW,1,315,270.256,28,-44.744,44.744,-14.2044,0.857956,1.178,48.9,0,2026-09-20T12:15:04.464-07:00,2026-09-20T12:15:05.642-07:00,232,1.059,0.0737,S,960,154,230,1.022,0.068,N,1035,143
21,22,CW,1,315,289.56,30,-25.44,25.44,-8.0762,0.919238,1.104,31.1,0,2026-09-20T12:15:05.642-07:00,2026-09-20T12:15:06.746-07:00,230,1.022,0.068,N,1035,143,228,1.004,0.0764,S,959,145
22,23,CW,1,305,289.56,30,-15.44,15.44,-5.0623,0.949377,1.053,31.1,0,2026-09-20T12:15:06.746-07:00,2026-09-20T12:15:07.799-07:00,228,1.004,0.0764,S,959,145,194,0.855,0.0788,N,904,149
23,24,CW,1,300,299.212,31,-0.788,0.788,-0.2627,0.997373,1.082,33.9,0,2026-09-20T12:15:07.799-07:00,2026-09-20T12:15:08.881-07:00,194,0.855,0.0788,N,904,149,224,0.987,0.0701,N,947,135
24,25,CW,1,295,289.56,30,-5.44,5.44,-1.8441,0.981559,0.996,38.9,0,2026-09-20T12:15:08.881-07:00,2026-09-20T12:15:09.877-07:00,224,0.987,0.0701,N,947,135,198,0.872,0.0748,N,862,134
25,26,CW,1,300,260.604,27,-39.396,39.396,-13.132,0.86868,0.982,42.1,0,2026-09-20T12:15:09.877-07:00,2026-09-20T12:15:10.859-07:00,198,0.872,0.0748,N,862,134,207,0.912,0.0768,S,847,135
26,27,CW,1,300,318.516,33,18.516,18.516,6.172,1.06172,1.224,42.1,0,2026-09-20T12:15:10.859-07:00,2026-09-20T12:15:12.083-07:00,207,0.912,0.0768,S,847,135,178,0.784,0.0775,S,1082,142
27,28,CW,1,300,308.864,32,8.864,8.864,2.9547,1.029547,1.13,33.9,0,2026-09-20T12:15:12.083-07:00,2026-09-20T12:15:13.213-07:00,178,0.784,0.0775,S,1082,142,181,0.797,0.0786,N,993,137
28,29,CW,1,300,308.864,32,8.864,8.864,2.9547,1.029547,1.162,43.9,0,2026-09-20T12:15:13.213-07:00,2026-09-20T12:15:14.375-07:00,181,0.797,0.0786,N,993,137,201,0.885,0.0754,N,1012,150
29,30,CW,1,315,308.864,32,-6.136,6.136,-1.9479,0.980521,1.237,43.9,0,2026-09-20T12:15:14.375-07:00,2026-09-20T12:15:15.612-07:00,201,0.885,0.0754,N,1012,150,224,0.987,0.0691,N,1085,152
30,31,CW,1,330,318.516,33,-11.484,11.484,-3.48,0.9652,1.39,18.9,0,2026-09-20T12:15:15.612-07:00,2026-09-20T12:15:17.002-07:00,224,0.987,0.0691,N,1085,152,196,0.875,0.0781,N,1218,172
31,32,CW,1,320,318.516,33,-1.484,1.484,-0.4638,0.995362,1.39,30.9,0,2026-09-20T12:15:17.002-07:00,2026-09-20T12:15:18.392-07:00,196,0.875,0.0781,N,1218,172,192,0.857,0.077,N,1236,154
32,33,CW,1,315,337.82,35,22.82,22.82,7.2444,1.072444,1.398,132.9,0,2026-09-20T12:15:18.392-07:00,2026-09-20T12:15:19.790-07:00,192,0.857,0.077,N,1236,154,198,0.904,0.0763,S,1234,164
33,34,CW,1,310,289.56,30,-20.44,20.44,-6.5935,0.934065,1.423,132.9,0,2026-09-20T12:15:19.790-07:00,2026-09-20T12:15:21.213-07:00,198,0.904,0.0763,S,1234,164,206,0.967,0.0694,N,1251,172
34,35,CW,1,300,279.908,29,-20.092,20.092,-6.6973,0.933027,1.26,50.1,0,2026-09-20T12:15:21.213-07:00,2026-09-20T12:15:22.473-07:00,206,0.967,0.0694,N,1251,172,191,0.91,0.0755,N,1105,155
35,36,CW,1,300,299.212,31,-0.788,0.788,-0.2627,0.997373,1.196,50.1,0,2026-09-20T12:15:22.473-07:00,2026-09-20T12:15:23.669-07:00,191,0.91,0.0755,N,1105,155,209,1.01,0.0754,S,1047,149
36,37,CW,1,300,308.864,32,8.864,8.864,2.9547,1.029547,1.182,45.1,0,2026-09-20T12:15:23.669-07:00,2026-09-20T12:15:24.851-07:00,209,1.01,0.0754,S,1047,149,226,1.092,0.0765,S,1035,147
37,38,CW,1,300,289.56,30,-10.44,10.44,-3.48,0.9652,1.111,37.1,0,2026-09-20T12:15:24.851-07:00,2026-09-20T12:15:25.962-07:00,226,1.092,0.0765,S,1035,147,218,1.053,0.0754,S,967,144
38,39,CW,1,300,318.516,33,18.516,18.516,6.172,1.06172,1.156,37.1,0,2026-09-20T12:15:25.962-07:00,2026-09-20T12:15:27.118-07:00,218,1.053,0.0754,S,967,144,214,1.024,0.0813,S,1002,154
39,40,CW,1,300,289.56,30,-10.44,10.44,-3.48,0.9652,1.134,25.1,0,2026-09-20T12:15:27.118-07:00,2026-09-20T12:15:28.252-07:00,214,1.024,0.0813,S,1002,154,217,1.038,0.072,S,989,145
40,41,CW,1,300,308.864,32,8.864,8.864,2.9547,1.029547,1.159,25.1,0,2026-09-20T12:15:28.252-07:00,2026-09-20T12:15:29.411-07:00,217,1.038,0.072,S,989,145,216,1.033,0.0726,S,1011,148
41,42,CW,2,300,299.212,31,-0.788,0.788,-0.2627,0.997373,1.148,31.1,0,2026-09-20T12:15:29.411-07:00,2026-09-20T12:15:30.559-07:00,216,1.033,0.0726,S,1011,148,196,0.938,0.0754,N,1009,139
42,43,CW,2,300,299.212,31,-0.788,0.788,-0.2627,0.997373,1.085,31.1,0,2026-09-20T12:15:30.559-07:00,2026-09-20T12:15:31.644-07:00,196,0.938,0.0754,N,1009,139,214,1.034,0.0731,S,947,138
43,44,CW,2,300,308.864,32,8.864,8.864,2.9547,1.029547,1.06,27.9,0,2026-09-20T12:15:31.644-07:00,2026-09-20T12:15:32.704-07:00,214,1.034,0.0731,S,947,138,196,0.938,0.0744,N,923,137
44,45,CW,2,300,308.864,32,8.864,8.864,2.9547,1.029547,1.079,48.9,0,2026-09-20T12:15:32.704-07:00,2026-09-20T12:15:33.783-07:00,196,0.938,0.0744,N,923,137,214,1.034,0.0763,S,934,145
45,46,CW,2,300,289.56,30,-10.44,10.44,-3.48,0.9652,1.15,48.9,0,2026-09-20T12:15:33.783-07:00,2026-09-20T12:15:34.933-07:00,214,1.034,0.0763,S,934,145,235,1.124,0.071,S,1011,139
46,47,CW,2,300,308.864,32,8.864,8.864,2.9547,1.029547,1.064,37.9,0,2026-09-20T12:15:34.933-07:00,2026-09-20T12:15:35.997-07:00,235,1.124,0.071,S,1011,139,216,1.009,0.0762,S,923,141
47,48,CW,2,300,279.908,29,-20.092,20.092,-6.6973,0.933027,1.082,44.1,0,2026-09-20T12:15:35.997-07:00,2026-09-20T12:15:37.079-07:00,216,1.009,0.0762,S,923,141,220,1.028,0.076,N,945,137
48,49,CW,2,300,308.864,32,8.864,8.864,2.9547,1.029547,1.135,44.1,0,2026-09-20T12:15:37.079-07:00,2026-09-20T12:15:38.214-07:00,220,1.028,0.076,N,945,137,219,1.023,0.0725,N,979,156
49,50,CW,2,300,299.212,31,-0.788,0.788,-0.2627,0.997373,1.135,21.9,0,2026-09-20T12:15:38.214-07:00,2026-09-20T12:15:39.349-07:00,219,1.023,0.0725,N,979,156,193,0.902,0.0777,S,998,137
50,51,CW,2,300,299.212,31,-0.788,0.788,-0.2627,0.997373,1.121,33.1,0,2026-09-20T12:15:39.349-07:00,2026-09-20T12:15:40.470-07:00,193,0.902,0.0777,S,998,137,220,1.028,0.0661,N,979,142
51,52,CW,2,300,299.212,31,-0.788,0.788,-0.2627,0.997373,1.086,33.1,0,2026-09-20T12:15:40.470-07:00,2026-09-20T12:15:41.556-07:00,220,1.028,0.0661,N,979,142,215,1.005,0.0693,S,943,143
52,53,CW,2,300,299.212,31,-0.788,0.788,-0.2627,0.997373,1.127,44.1,0,2026-09-20T12:15:41.556-07:00,2026-09-20T12:15:42.683-07:00,215,1.005,0.0693,S,943,143,208,0.972,0.0691,S,982,145
53,54,CW,2,300,318.516,33,18.516,18.516,6.172,1.06172,1.142,44.1,0,2026-09-20T12:15:42.683-07:00,2026-09-20T12:15:43.825-07:00,208,0.972,0.0691,S,982,145,224,1.072,0.0752,S,1000,142
54,55,CW,2,300,289.56,30,-10.44,10.44,-3.48,0.9652,1.109,13.9,0,2026-09-20T12:15:43.825-07:00,2026-09-20T12:15:44.934-07:00,224,1.072,0.0752,S,1000,142,220,1.028,0.072,S,964,145
55,56,CW,2,300,299.212,31,-0.788,0.788,-0.2627,0.997373,1.138,33.1,0,2026-09-20T12:15:44.934-07:00,2026-09-20T12:15:46.072-07:00,220,1.028,0.072,S,964,145,198,0.925,0.0771,N,993,145
56,57,CW,2,300,308.864,32,8.864,8.864,2.9547,1.029547,1.148,33.1,0,2026-09-20T12:15:46.072-07:00,2026-09-20T12:15:47.220-07:00,198,0.925,0.0771,N,993,145,216,1.009,0.0708,S,1006,142
57,58,CW,2,295,299.212,31,4.212,4.212,1.4278,1.014278,1.251,32.1,0,2026-09-20T12:15:47.220-07:00,2026-09-20T12:15:48.471-07:00,216,1.009,0.0708,S,1006,142,225,1.051,0.0725,S,1104,147
58,59,CW,2,320,328.168,34,8.168,8.168,2.5525,1.025525,1.177,90.9,0,2026-09-20T12:15:48.471-07:00,2026-09-20T12:15:49.648-07:00,225,1.051,0.0725,S,1104,147,242,1.131,0.0712,N,1011,166
59,60,CW,2,300,289.56,30,-10.44,10.44,-3.48,0.9652,1.41,90.9,0,2026-09-20T12:15:49.648-07:00,2026-09-20T12:15:51.058-07:00,242,1.131,0.0712,N,1011,166,216,1.005,0.0795,S,1228,182
60,61,CW,2,315,337.82,35,22.82,22.82,7.2444,1.072444,1.431,49.9,0,2026-09-20T12:15:51.058-07:00,2026-09-20T12:15:52.489-07:00,216,1.005,0.0795,S,1228,182,234,1.083,0.0668,N,1265,166
61,62,CW,2,320,299.212,31,-20.788,20.788,-6.4963,0.935037,1.516,64.1,0,2026-09-20T12:15:52.489-07:00,2026-09-20T12:15:54.005-07:00,234,1.083,0.0668,N,1265,166,218,1.009,0.0771,S,1332,184
62,63,CW,2,315,308.864,32,-6.136,6.136,-1.9479,0.980521,1.493,64.1,0,2026-09-20T12:15:54.005-07:00,2026-09-20T12:15:55.498-07:00,218,1.009,0.0771,S,1332,184,246,1.139,0.0615,N,1292,201
63,64,CW,2,325,308.864,32,-16.136,16.136,-4.9649,0.950351,1.529,44.9,0,2026-09-20T12:15:55.498-07:00,2026-09-20T12:15:57.027-07:00,246,1.139,0.0615,N,1292,201,221,1.023,0.0744,S,1334,195
64,65,CW,1,315,337.82,35,22.82,22.82,7.2444,1.072444,1.681,38.9,0,2026-09-20T12:15:57.027-07:00,2026-09-20T12:15:58.708-07:00,221,1.023,0.0744,S,1334,195,169,0.782,0.0707,N,1490,191
65,66,CW,1,305,299.212,31,-5.788,5.788,-1.8977,0.981023,1.61,38.9,0,2026-09-20T12:15:58.708-07:00,2026-09-20T12:16:00.318-07:00,169,0.782,0.0707,N,1490,191,185,0.856,0.0645,N,1443,167
66,67,CW,2,300,299.212,31,-0.788,0.788,-0.2627,0.997373,1.401,28.9,0,2026-09-20T12:16:00.318-07:00,2026-09-20T12:16:01.719-07:00,185,0.856,0.0645,N,1443,167,159,0.736,0.0707,S,1231,170
67,68,CW,2,305,289.56,30,-15.44,15.44,-5.0623,0.949377,1.368,38.1,0,2026-09-20T12:16:01.719-07:00,2026-09-20T12:16:03.087-07:00,159,0.736,0.0707,S,1231,170,192,0.889,0.0576,S,1204,164
68,69,CW,2,300,308.864,32,8.864,8.864,2.9547,1.029547,1.385,38.1,0,2026-09-20T12:16:03.087-07:00,2026-09-20T12:16:04.472-07:00,192,0.889,0.0576,S,1204,164,183,0.847,0.0581,N,1213,172
69,70,CW,2,300,299.212,31,-0.788,0.788,-0.2627,0.997373,1.406,25.1,0,2026-09-20T12:16:04.472-07:00,2026-09-20T12:16:05.878-07:00,183,0.847,0.0581,N,1213,172,167,0.773,0.0651,S,1242,164
70,71,CW,2,295,299.212,31,4.212,4.212,1.4278,1.014278,1.308,32.1,0,2026-09-20T12:16:05.878-07:00,2026-09-20T12:16:07.186-07:00,167,0.773,0.0651,S,1242,164,177,0.819,0.0632,N,1152,156
71,72,CW,2,295,299.212,31,4.212,4.212,1.4278,1.014278,1.283,32.1,0,2026-09-20T12:16:07.186-07:00,2026-09-20T12:16:08.469-07:00,177,0.819,0.0632,N,1152,156,178,0.824,0.0641,S,1126,157
72,73,CW,2,300,308.864,32,8.864,8.864,2.9547,1.029547,1.504,18.1,0,2026-09-20T12:16:08.469-07:00,2026-09-20T12:16:09.973-07:00,178,0.824,0.0641,S,1126,157,181,0.842,0.062,N,1302,202
73,74,CW,2,300,289.56,30,-10.44,10.44,-3.48,0.9652,1.73,48.1,0,2026-09-20T12:16:09.973-07:00,2026-09-20T12:16:11.703-07:00,181,0.842,0.062,N,1302,202,189,0.879,0.0605,N,1511,219
78,79,CW,2,300,299.212,31,-0.788,0.788,-0.2627,0.997373,1.299,2.9,0,2026-09-20T12:16:18.057-07:00,2026-09-20T12:16:19.356-07:00,193,0.928,0.058,N,1117,161,228,1.152,0.0491,S,1129,170
79,80,CW,2,305,328.168,34,23.168,23.168,7.5961,1.075961,1.301,101.9,0,2026-09-20T12:16:19.356-07:00,2026-09-20T12:16:20.657-07:00,228,1.152,0.0491,S,1129,170,223,1.126,0.0497,N,1132,169
84,85,CW,2,300,308.864,32,8.864,8.864,2.9547,1.029547,1.316,35.9,0,2026-09-20T12:16:26.025-07:00,2026-09-20T12:16:27.341-07:00,227,1.146,0.0518,S,1110,170,216,1.091,0.0508,S,1166,150
85,86,CW,2,330,318.516,33,-11.484,11.484,-3.48,0.9652,1.325,20.9,0,2026-09-20T12:16:27.341-07:00,2026-09-20T12:16:28.666-07:00,216,1.091,0.0508,S,1166,150,197,0.995,0.0551,S,1167,158
86,87,CW,2,300,308.864,32,8.864,8.864,2.9547,1.029547,1.197,2.1,0,2026-09-20T12:16:28.666-07:00,2026-09-20T12:16:29.863-07:00,197,0.995,0.0551,S,1167,158,223,1.132,0.0551,N,1047,150
87,88,CW,2,300,308.864,32,8.864,8.864,2.9547,1.029547,1.18,21.9,0,2026-09-20T12:16:29.863-07:00,2026-09-20T12:16:31.043-07:00,223,1.132,0.0551,N,1047,150,236,1.198,0.052,N,1032,148
88,89,CW,2,305,299.212,31,-5.788,5.788,-1.8977,0.981023,1.095,29.9,0,2026-09-20T12:16:31.043-07:00,2026-09-20T12:16:32.138-07:00,236,1.198,0.052,N,1032,148,234,1.188,0.0477,S,960,135
89,90,CW,2,300,308.864,32,8.864,8.864,2.9547,1.029547,1.094,35.9,0,2026-09-20T12:16:32.138-07:00,2026-09-20T12:16:33.232-07:00,234,1.188,0.0477,S,960,135,201,1.02,0.0496,N,952,142
90,91,CW,2,300,270.256,28,-29.744,29.744,-9.9147,0.900853,1.117,80.1,0,2026-09-20T12:16:33.232-07:00,2026-09-20T12:16:34.349-07:00,201,1.02,0.0496,N,952,142,192,0.975,0.0669,N,967,150
93,94,CW,2,300,328.168,34,28.168,28.168,9.3893,1.093893,1.205,66.1,0,2026-09-20T12:16:36.737-07:00,2026-09-20T12:16:37.942-07:00,217,1.102,0.0546,S,1034,166,199,1.01,0.0589,N,1042,163
94,95,CW,2,300,299.212,31,-0.788,0.788,-0.2627,0.997373,1.223,28.9,0,2026-09-20T12:16:37.942-07:00,2026-09-20T12:16:39.165-07:00,199,1.01,0.0589,N,1042,163,218,1.107,0.0563,S,1077,146
95,96,CW,2,300,289.56,30,-10.44,10.44,-3.48,0.9652,1.21,6.9,0,2026-09-20T12:16:39.165-07:00,2026-09-20T12:16:40.375-07:00,218,1.107,0.0563,S,1077,146,213,1.081,0.0525,N,1046,164
96,97,CW,2,300,328.168,34,28.168,28.168,9.3893,1.093893,1.209,88.9,0,2026-09-20T12:16:40.375-07:00,2026-09-20T12:16:41.584-07:00,213,1.081,0.0525,N,1046,164,226,1.147,0.0476,N,1055,154
97,98,CW,2,300,289.56,30,-10.44,10.44,-3.48,0.9652,1.174,88.9,0,2026-09-20T12:16:41.584-07:00,2026-09-20T12:16:42.758-07:00,226,1.147,0.0476,N,1055,154,211,1.06,0.0589,S,1031,143
101,102,CW,1,300,299.212,31,-0.788,0.788,-0.2627,0.997373,1.142,42.9,0,2026-09-20T12:16:46.233-07:00,2026-09-20T12:16:47.375-07:00,192,0.928,0.0762,S,988,130,210,1.014,0.0717,S,1009,133
102,103,CW,1,295,279.908,29,-15.092,15.092,-5.1159,0.948841,0.993,10.9,0,2026-09-20T12:16:47.375-07:00,2026-09-20T12:16:48.368-07:00,210,1.014,0.0717,S,1009,133,171,0.814,0.0626,N,864,129
103,104,CW,2,300,289.56,30,-10.44,10.44,-3.48,0.9652,1.041,30.1,0,2026-09-20T12:16:48.368-07:00,2026-09-20T12:16:49.409-07:00,171,0.814,0.0626,N,864,129,174,0.829,0.0603,S,912,129
104,105,CW,2,300,318.516,33,18.516,18.516,6.172,1.06172,1.13,39.9,0,2026-09-20T12:16:49.409-07:00,2026-09-20T12:16:50.539-07:00,174,0.829,0.0603,S,912,129,189,0.9,0.0637,S,975,155
105,106,CW,2,300,328.168,34,28.168,28.168,9.3893,1.093893,1.198,141.9,0,2026-09-20T12:16:50.539-07:00,2026-09-20T12:16:51.737-07:00,189,0.9,0.0637,S,975,155,152,0.724,0.0675,S,1040,158
106,107,CW,2,300,250.952,26,-49.048,49.048,-16.3493,0.836507,1.188,141.9,0,2026-09-20T12:16:51.737-07:00,2026-09-20T12:16:52.925-07:00,152,0.724,0.0675,S,1040,158,170,0.81,0.0636,N,1039,149
112,113,CW,2,320,337.82,35,17.82,17.82,5.5687,1.055687,1.253,52.1,0,2026-09-20T12:16:59.934-07:00,2026-09-20T12:17:01.187-07:00,207,1.0,0.0716,N,1154,156,198,0.957,0.074,N,1114,140
113,114,CW,2,300,289.56,30,-10.44,10.44,-3.48,0.9652,1.112,15.1,0,2026-09-20T12:17:01.187-07:00,2026-09-20T12:17:02.299-07:00,198,0.957,0.074,N,1114,140,193,0.932,0.0784,S,974,138
114,115,CW,2,300,299.212,31,-0.788,0.788,-0.2627,0.997373,1.1,15.1,0,2026-09-20T12:17:02.299-07:00,2026-09-20T12:17:03.399-07:00,193,0.932,0.0784,S,974,138,207,1.03,0.0776,N,964,136
115,116,CW,2,300,308.864,32,8.864,8.864,2.9547,1.029547,1.219,32.1,0,2026-09-20T12:17:03.399-07:00,2026-09-20T12:17:04.618-07:00,207,1.03,0.0776,N,964,136,190,0.945,0.079,S,1077,142
116,117,CW,2,300,299.212,31,-0.788,0.788,-0.2627,0.997373,1.189,32.1,0,2026-09-20T12:17:04.618-07:00,2026-09-20T12:17:05.807-07:00,190,0.945,0.079,S,1077,142,194,0.975,0.0811,S,1028,161
117,118,CW,2,300,299.212,31,-0.788,0.788,-0.2627,0.997373,1.18,20.1,0,2026-09-20T12:17:05.807-07:00,2026-09-20T12:17:06.987-07:00,194,0.975,0.0811,S,1028,161,194,0.975,0.0768,N,1035,145
118,119,CW,2,300,318.516,33,18.516,18.516,6.172,1.06172,1.162,38.9,0,2026-09-20T12:17:06.987-07:00,2026-09-20T12:17:08.149-07:00,194,0.975,0.0768,N,1035,145,207,1.045,0.0765,N,1023,139
119,120,CW,2,300,279.908,29,-20.092,20.092,-6.6973,0.933027,1.078,38.9,0,2026-09-20T12:17:08.149-07:00,2026-09-20T12:17:09.227-07:00,207,1.045,0.0765,N,1023,139,199,1.005,0.0768,N,944,134
120,121,CW,2,300,308.864,32,8.864,8.864,2.9547,1.029547,1.056,38.1,0,2026-09-20T12:17:09.227-07:00,2026-09-20T12:17:10.283-07:00,199,1.005,0.0768,N,944,134,235,1.187,0.0761,S,929,127
121,122,CW,2,300,270.256,28,-29.744,29.744,-9.9147,0.900853,0.984,21.9,0,2026-09-20T12:17:10.283-07:00,2026-09-20T12:17:11.267-07:00,235,1.187,0.0761,S,929,127,210,1.061,0.0758,S,836,148
122,123,CW,2,300,279.908,29,-20.092,20.092,-6.6973,0.933027,1.007,21.9,0,2026-09-20T12:17:11.267-07:00,2026-09-20T12:17:12.274-07:00,210,1.061,0.0758,S,836,148,224,1.126,0.0709,S,868,139
123,124,CW,2,300,260.604,27,-39.396,39.396,-13.132,0.86868,1.045,28.1,0,2026-09-20T12:17:12.274-07:00,2026-09-20T12:17:13.319-07:00,224,1.126,0.0709,S,868,139,218,1.095,0.0702,N,892,153
124,125,CW,2,300,289.56,30,-10.44,10.44,-3.48,0.9652,1.04,33.9,0,2026-09-20T12:17:13.319-07:00,2026-09-20T12:17:14.359-07:00,218,1.095,0.0702,N,892,153,207,1.04,0.0757,S,897,143
125,126,CW,2,300,260.604,27,-39.396,39.396,-13.132,0.86868,1.074,38.1,0,2026-09-20T12:17:14.359-07:00,2026-09-20T12:17:15.433-07:00,207,1.04,0.0757,S,897,143,222,1.116,0.0685,N,927,147
126,127,CW,2,280,289.56,30,9.56,9.56,3.4143,1.034143,1.027,38.1,0,2026-09-20T12:17:15.433-07:00,2026-09-20T12:17:16.460-07:00,222,1.116,0.0685,N,927,147,207,1.04,0.0743,N,879,148
127,128,CW,2,300,260.604,27,-39.396,39.396,-13.132,0.86868,1.299,63.1,0,2026-09-20T12:17:16.460-07:00,2026-09-20T12:17:17.759-07:00,207,1.04,0.0743,N,879,148,237,1.191,0.0725,S,1144,155
128,129,CW,2,300,318.516,33,18.516,18.516,6.172,1.06172,1.048,91.9,0,2026-09-20T12:17:17.759-07:00,2026-09-20T12:17:18.807-07:00,237,1.191,0.0725,S,1144,155,194,0.975,0.0571,N,895,153
129,130,CW,2,290,289.56,30,-0.44,0.44,-0.1517,0.998483,1.208,91.9,0,2026-09-20T12:17:18.807-07:00,2026-09-20T12:17:20.015-07:00,194,0.975,0.0571,N,895,153,178,0.899,0.0567,S,1075,133
130,131,CW,2,300,318.516,33,18.516,18.516,6.172,1.06172,1.162,25.9,0,2026-09-20T12:17:20.015-07:00,2026-09-20T12:17:21.177-07:00,178,0.899,0.0567,S,1075,133,150,0.761,0.068,N,1035,127
131,132,CW,2,300,289.56,30,-10.44,10.44,-3.48,0.9652,1.037,25.9,0,2026-09-20T12:17:21.177-07:00,2026-09-20T12:17:22.214-07:00,150,0.761,0.068,N,1035,127,154,0.794,0.0699,N,918,119
132,133,CW,2,300,308.864,32,8.864,8.864,2.9547,1.029547,1.079,11.9,0,2026-09-20T12:17:22.214-07:00,2026-09-20T12:17:23.293-07:00,154,0.794,0.0699,N,918,119,166,0.856,0.0618,S,952,127
133,134,CW,2,300,270.256,28,-29.744,29.744,-9.9147,0.900853,1.013,100.1,0,2026-09-20T12:17:23.293-07:00,2026-09-20T12:17:24.306-07:00,166,0.856,0.0618,S,952,127,161,0.83,0.0664,S,879,134
134,135,CW,2,300,337.82,35,37.82,37.82,12.6067,1.126067,1.08,100.1,0,2026-09-20T12:17:24.306-07:00,2026-09-20T12:17:25.386-07:00,161,0.83,0.0664,S,879,134,186,0.959,0.0622,N,951,129
135,136,CW,2,300,279.908,29,-20.092,20.092,-6.6973,0.933027,1.049,28.1,0,2026-09-20T12:17:25.386-07:00,2026-09-20T12:17:26.435-07:00,186,0.959,0.0622,N,951,129,181,0.933,0.0556,N,920,129
136,137,CW,2,300,308.864,32,8.864,8.864,2.9547,1.029547,1.045,28.1,0,2026-09-20T12:17:26.435-07:00,2026-09-20T12:17:27.480-07:00,181,0.933,0.0556,N,920,129,159,0.82,0.0619,S,917,128
137,138,CW,2,300,299.212,31,-0.788,0.788,-0.2627,0.997373,1.192,35.9,0,2026-09-20T12:17:27.480-07:00,2026-09-20T12:17:28.672-07:00,159,0.82,0.0619,S,917,128,164,0.845,0.0642,S,1036,156
138,139,CW,2,300,299.212,31,-0.788,0.788,-0.2627,0.997373,1.161,35.9,0,2026-09-20T12:17:28.672-07:00,2026-09-20T12:17:29.833-07:00,164,0.845,0.0642,S,1036,156,166,0.856,0.0629,S,1017,144
139,140,CW,2,300,318.516,33,18.516,18.516,6.172,1.06172,1.102,75.9,0,2026-09-20T12:17:29.833-07:00,2026-09-20T12:17:30.935-07:00,166,0.856,0.0629,S,1017,144,130,0.67,0.0789,S,960,142
140,141,CW,2,300,250.952,26,-49.048,49.048,-16.3493,0.836507,1.1,124.1,0,2026-09-20T12:17:30.935-07:00,2026-09-20T12:17:32.035-07:00,130,0.67,0.0789,S,960,142,143,0.737,0.0732,S,960,140
141,142,CW,2,300,328.168,34,28.168,28.168,9.3893,1.093893,1.085,124.1,0,2026-09-20T12:17:32.035-07:00,2026-09-20T12:17:33.120-07:00,143,0.737,0.0732,S,960,140,173,0.892,0.0647,N,952,133
142,143,CW,2,300,299.212,31,-0.788,0.788,-0.2627,0.997373,1.105,14.1,0,2026-09-20T12:17:33.120-07:00,2026-09-20T12:17:34.225-07:00,173,0.892,0.0647,N,952,133,184,0.948,0.0564,S,964,141
143,144,CW,2,300,299.212,31,-0.788,0.788,-0.2627,0.997373,1.17,16.9,0,2026-09-20T12:17:34.225-07:00,2026-09-20T12:17:35.395-07:00,184,0.948,0.0564,S,964,141,160,0.829,0.0756,N,1043,127
144,145,CW,2,305,299.212,31,-5.788,5.788,-1.8977,0.981023,1.349,32.1,0,2026-09-20T12:17:35.395-07:00,2026-09-20T12:17:36.744-07:00,160,0.829,0.0756,N,1043,127,190,1.0,0.0625,N,1192,157
145,146,CW,2,300,308.864,32,8.864,8.864,2.9547,1.029547,1.165,32.1,0,2026-09-20T12:17:36.744-07:00,2026-09-20T12:17:37.909-07:00,190,1.0,0.0625,N,1192,157,187,0.984,0.0594,N,1023,142
146,147,CW,2,305,318.516,33,13.516,13.516,4.4315,1.044315,1.155,48.9,0,2026-09-20T12:17:37.909-07:00,2026-09-20T12:17:39.064-07:00,187,0.984,0.0594,N,1023,142,198,1.059,0.0558,N,1012,143
147,148,CW,2,300,260.604,27,-39.396,39.396,-13.132,0.86868,1.146,95.1,0,2026-09-20T12:17:39.064-07:00,2026-09-20T12:17:40.210-07:00,198,1.059,0.0558,N,1012,143,168,0.898,0.0629,S,1013,133
148,149,CW,2,295,337.82,35,42.82,42.82,14.5153,1.145153,1.069,95.1,0,2026-09-20T12:17:40.210-07:00,2026-09-20T12:17:41.279-07:00,168,0.898,0.0629,S,1013,133,176,0.946,0.0589,N,938,131
149,150,CW,2,300,279.908,29,-20.092,20.092,-6.6973,0.933027,1.067,35.9,0,2026-09-20T12:17:41.279-07:00,2026-09-20T12:17:42.346-07:00,176,0.946,0.0589,N,938,131,187,1.016,0.0577,S,935,132
150,151,CW,2,300,299.212,31,-0.788,0.788,-0.2627,0.997373,1.117,46.1,0,2026-09-20T12:17:42.346-07:00,2026-09-20T12:17:43.463-07:00,187,1.016,0.0577,S,935,132,174,0.946,0.062,N,974,143
151,152,CW,2,300,357.124,37,57.124,57.124,19.0413,1.190413,1.317,46.1,0,2026-09-20T12:17:43.463-07:00,2026-09-20T12:17:44.780-07:00,174,0.946,0.062,N,974,143,152,0.84,0.0717,N,1163,154
152,153,CW,2,305,260.604,27,-44.396,44.396,-14.5561,0.854439,1.046,38.9,0,2026-09-20T12:17:44.780-07:00,2026-09-20T12:17:45.826-07:00,152,0.84,0.0717,N,1163,154,192,1.079,0.0542,N,906,140
153,154,CW,2,300,308.864,32,8.864,8.864,2.9547,1.029547,1.162,31.9,0,2026-09-20T12:17:45.826-07:00,2026-09-20T12:17:46.988-07:00,192,1.079,0.0542,N,906,140,188,1.056,0.0599,S,1021,141
154,155,CW,2,300,299.212,31,-0.788,0.788,-0.2627,0.997373,1.19,41.9,0,2026-09-20T12:17:46.988-07:00,2026-09-20T12:17:48.178-07:00,188,1.056,0.0599,S,1021,141,192,1.079,0.0583,N,1037,153
155,156,CW,2,305,289.56,30,-15.44,15.44,-5.0623,0.949377,1.267,41.9,0,2026-09-20T12:17:48.178-07:00,2026-09-20T12:17:49.445-07:00,192,1.079,0.0583,N,1037,153,205,1.152,0.0752,S,1118,149
156,157,CW,1,320,299.212,31,-20.788,20.788,-6.4963,0.935037,1.38,104.1,0,2026-09-20T12:17:49.445-07:00,2026-09-20T12:17:50.825-07:00,205,1.152,0.0752,S,1118,149,202,1.135,0.0779,N,1224,156
157,158,CW,1,290,337.82,35,47.82,47.82,16.4897,1.164897,1.101,104.1,0,2026-09-20T12:17:50.825-07:00,2026-09-20T12:17:51.926-07:00,202,1.135,0.0779,N,1224,156,182,1.022,0.0618,S,970,131
158,159,CW,2,320,289.56,30,-30.44,30.44,-9.5125,0.904875,1.213,96.9,0,2026-09-20T12:17:51.926-07:00,2026-09-20T12:17:53.139-07:00,182,1.022,0.0618,S,970,131,195,1.096,0.0786,S,1071,140
159,160,CW,2,300,299.212,31,-0.788,0.788,-0.2627,0.997373,1.105,21.1,0,2026-09-20T12:17:53.139-07:00,2026-09-20T12:17:54.244-07:00,195,1.096,0.0786,S,1071,140,190,1.067,0.0821,N,963,143
160,161,CW,2,300,347.472,36,47.472,47.472,15.824,1.15824,1.358,21.9,0,2026-09-20T12:17:54.244-07:00,2026-09-20T12:17:55.602-07:00,190,1.067,0.0821,N,963,143,192,1.079,0.0808,S,1198,160
163,164,CW,2,330,366.776,38,36.776,36.776,11.1442,1.111442,1.396,61.1,0,2026-09-20T12:17:58.386-07:00,2026-09-20T12:17:59.782-07:00,209,1.148,0.0786,S,1275,159,193,1.049,0.0774,S,1238,158
164,165,CW,2,320,260.604,27,-59.396,59.396,-18.5613,0.814387,1.263,116.1,0,2026-09-20T12:17:59.782-07:00,2026-09-20T12:18:01.045-07:00,193,1.049,0.0774,S,1238,158,220,1.196,0.0749,S,1112,150
165,166,CW,2,325,357.124,37,32.124,32.124,9.8843,1.098843,1.28,116.1,0,2026-09-20T12:18:01.045-07:00,2026-09-20T12:18:02.325-07:00,220,1.196,0.0749,S,1112,150,207,1.113,0.0732,S,1130,150
166,167,CW,2,315,318.516,33,3.516,3.516,1.1162,1.011162,1.297,9.9,0,2026-09-20T12:18:02.325-07:00,2026-09-20T12:18:03.622-07:00,207,1.113,0.0732,S,1130,150,191,1.021,0.077,N,1149,148
169,170,CW,1,330,308.864,32,-21.136,21.136,-6.4048,0.935952,1.278,42.1,0,2026-09-20T12:18:06.297-07:00,2026-09-20T12:18:07.575-07:00,192,1.021,0.0777,N,1139,148,234,1.232,0.0784,S,1130,148
170,0,CW,1,330,328.168,34,-1.832,1.832,-0.5552,0.994448,1.298,42.1,0,2026-09-20T12:18:07.575-07:00,2026-09-20T12:18:08.873-07:00,234,1.232,0.0784,S,1130,148,244,1.284,0.0667,N,1145,153
0,1,CW,2,330,328.168,34,-1.832,1.832,-0.5552,0.994448,1.278,38.1,0,2026-09-20T12:18:08.873-07:00,2026-09-20T12:18:10.151-07:00,244,1.284,0.0667,N,1145,153,335,1.754,0.079,N,1125,153
1,2,CW,2,340,328.168,34,-11.832,11.832,-3.48,0.9652,1.475,90.1,0,2026-09-20T12:18:10.151-07:00,2026-09-20T12:18:11.626-07:00,335,1.754,0.079,N,1125,153,282,1.469,0.0701,S,1306,169
2,3,CW,2,330,347.472,36,17.472,17.472,5.2945,1.052945,1.422,90.1,0,2026-09-20T12:18:11.626-07:00,2026-09-20T12:18:13.048-07:00,282,1.469,0.0701,S,1306,169,279,1.453,0.0668,S,1243,179
3,4,CW,2,315,337.82,35,22.82,22.82,7.2444,1.072444,1.311,79.9,0,2026-09-20T12:18:13.048-07:00,2026-09-20T12:18:14.359-07:00,279,1.453,0.0668,S,1243,179,276,1.438,0.0641,S,1147,164
4,5,CW,2,325,308.864,32,-16.136,16.136,-4.9649,0.950351,1.344,79.9,0,2026-09-20T12:18:14.359-07:00,2026-09-20T12:18:15.703-07:00,276,1.438,0.0641,S,1147,164,254,1.323,0.0752,N,1187,157
5,6,CW,2,330,308.864,32,-21.136,21.136,-6.4048,0.935952,1.346,35.9,0,2026-09-20T12:18:15.703-07:00,2026-09-20T12:18:17.049-07:00,254,1.323,0.0752,N,1187,157,285,1.477,0.0648,N,1177,169
6,7,CW,2,315,289.56,30,-25.44,25.44,-8.0762,0.919238,1.384,94.1,0,2026-09-20T12:18:17.049-07:00,2026-09-20T12:18:18.433-07:00,285,1.477,0.0648,N,1177,169,204,1.046,0.079,S,1221,163
7,8,CW,2,300,357.124,37,57.124,57.124,19.0413,1.190413,1.235,94.1,0,2026-09-20T12:18:18.433-07:00,2026-09-20T12:18:19.668-07:00,204,1.046,0.079,S,1221,163,236,1.21,0.0701,S,1092,143
8,9,CW,2,300,299.212,31,-0.788,0.788,-0.2627,0.997373,1.1,72.9,0,2026-09-20T12:18:19.668-07:00,2026-09-20T12:18:20.768-07:00,236,1.21,0.0701,S,1092,143,209,1.035,0.0784,S,959,141
9,10,CW,2,295,270.256,28,-24.744,24.744,-8.3878,0.916122,1.126,72.9,0,2026-09-20T12:18:20.768-07:00,2026-09-20T12:18:21.894-07:00,209,1.035,0.0784,S,959,141,226,1.108,0.071,S,977,149
10,11,CW,2,300,318.516,33,18.516,18.516,6.172,1.06172,1.22,53.1,0,2026-09-20T12:18:21.894-07:00,2026-09-20T12:18:23.114-07:00,226,1.108,0.071,S,977,149,215,1.049,0.0729,N,1065,156
11,12,CW,2,290,279.908,29,-10.092,10.092,-3.48,0.9652,1.169,39.1,0,2026-09-20T12:18:23.114-07:00,2026-09-20T12:18:24.283-07:00,215,1.049,0.0729,N,1065,156,134,0.647,0.0743,N,1021,148
12,13,CW,2,300,308.864,32,8.864,8.864,2.9547,1.029547,1.116,45.9,0,2026-09-20T12:18:24.283-07:00,2026-09-20T12:18:25.399-07:00,134,0.647,0.0743,N,1021,148,219,1.058,0.0709,N,968,148
13,14,CW,2,315,308.864,32,-6.136,6.136,-1.9479,0.980521,1.236,45.9,0,2026-09-20T12:18:25.399-07:00,2026-09-20T12:18:26.635-07:00,219,1.058,0.0709,N,968,148,198,0.947,0.0809,N,1093,143
14,15,CW,2,315,308.864,32,-6.136,6.136,-1.9479,0.980521,1.331,19.1,0,2026-09-20T12:18:26.635-07:00,2026-09-20T12:18:27.966-07:00,198,0.947,0.0809,N,1093,143,205,0.981,0.0767,S,1167,164
15,16,CW,2,325,328.168,34,3.168,3.168,0.9748,1.009748,1.349,32.9,0,2026-09-20T12:18:27.966-07:00,2026-09-20T12:18:29.315-07:00,205,0.981,0.0767,S,1167,164,194,0.928,0.0673,S,1200,148
16,17,CW,2,310,299.212,31,-10.788,10.788,-3.48,0.9652,1.359,32.9,0,2026-09-20T12:18:29.315-07:00,2026-09-20T12:18:30.674-07:00,194,0.928,0.0673,S,1200,148,236,1.129,0.0693,N,1190,169
17,18,CW,2,300,289.56,30,-10.44,10.44,-3.48,0.9652,1.319,44.1,0,2026-09-20T12:18:30.674-07:00,2026-09-20T12:18:31.993-07:00,236,1.129,0.0693,N,1190,169,239,1.144,0.071,S,1135,184
18,19,CW,2,300,289.56,30,-10.44,10.44,-3.48,0.9652,1.204,48.1,0,2026-09-20T12:18:31.993-07:00,2026-09-20T12:18:33.197-07:00,239,1.144,0.071,S,1135,184,242,1.126,0.068,S,1051,153
19,20,CW,2,320,308.864,32,-11.136,11.136,-3.48,0.9652,1.103,49.9,0,2026-09-20T12:18:33.197-07:00,2026-09-20T12:18:34.300-07:00,242,1.126,0.068,S,1051,153,235,1.073,0.0753,S,948,155
20,21,CW,2,315,308.864,32,-6.136,6.136,-1.9479,0.980521,1.162,88.9,0,2026-09-20T12:18:34.300-07:00,2026-09-20T12:18:35.462-07:00,235,1.073,0.0753,S,948,155,231,1.05,0.0722,N,1021,141
21,22,CW,2,315,270.256,28,-44.744,44.744,-14.2044,0.857956,1.087,88.9,0,2026-09-20T12:18:35.462-07:00,2026-09-20T12:18:36.549-07:00,231,1.05,0.0722,N,1021,141,227,1.004,0.0731,S,943,144
22,23,CW,2,305,270.256,28,-34.744,34.744,-11.3915,0.886085,1.017,14.1,0,2026-09-20T12:18:36.549-07:00,2026-09-20T12:18:37.566-07:00,227,1.004,0.0731,S,943,144,194,0.858,0.0823,N,877,140
23,24,CW,2,300,299.212,31,-0.788,0.788,-0.2627,0.997373,1.08,14.1,0,2026-09-20T12:18:37.566-07:00,2026-09-20T12:18:38.646-07:00,194,0.858,0.0823,N,877,140,223,0.987,0.0681,N,944,136
24,25,CW,2,295,289.56,30,-5.44,5.44,-1.8441,0.981559,0.993,15.9,0,2026-09-20T12:18:38.646-07:00,2026-09-20T12:18:39.639-07:00,223,0.987,0.0681,N,944,136,197,0.872,0.0757,N,859,134
25,26,CW,2,300,299.212,31,-0.788,0.788,-0.2627,0.997373,0.968,47.9,0,2026-09-20T12:18:39.639-07:00,2026-09-20T12:18:40.607-07:00,197,0.872,0.0757,N,859,134,210,0.929,0.0777,S,837,131
26,27,CW,2,300,279.908,29,-20.092,20.092,-6.6973,0.933027,1.169,47.9,0,2026-09-20T12:18:40.607-07:00,2026-09-20T12:18:41.776-07:00,210,0.929,0.0777,S,837,131,175,0.774,0.0779,S,1036,133
27,28,CW,2,300,308.864,32,8.864,8.864,2.9547,1.029547,1.089,20.1,0,2026-09-20T12:18:41.776-07:00,2026-09-20T12:18:42.865-07:00,175,0.774,0.0779,S,1036,133,181,0.801,0.0781,N,959,130
28,29,CW,2,300,299.212,31,-0.788,0.788,-0.2627,0.997373,1.124,31.1,0,2026-09-20T12:18:42.865-07:00,2026-09-20T12:18:43.989-07:00,181,0.801,0.0781,N,959,130,198,0.876,0.0731,N,984,140
29,30,CW,2,315,318.516,33,3.516,3.516,1.1162,1.011162,1.199,31.1,0,2026-09-20T12:18:43.989-07:00,2026-09-20T12:18:45.188-07:00,198,0.876,0.0731,N,984,140,221,0.978,0.076,N,1051,148
30,31,CW,2,330,328.168,34,-1.832,1.832,-0.5552,0.994448,1.346,30.1,0,2026-09-20T12:18:45.188-07:00,2026-09-20T12:18:46.534-07:00,221,0.978,0.076,N,1051,148,195,0.874,0.0802,N,1180,166
31,32,CW,2,320,308.864,32,-11.136,11.136,-3.48,0.9652,1.342,25.9,0,2026-09-20T12:18:46.534-07:00,2026-09-20T12:18:47.876-07:00,195,0.874,0.0802,N,1180,166,191,0.864,0.0736,N,1192,150
32,33,CW,2,315,328.168,34,13.168,13.168,4.1803,1.041803,1.356,31.9,0,2026-09-20T12:18:47.876-07:00,2026-09-20T12:18:49.232-07:00,191,0.864,0.0736,N,1192,150,198,0.904,0.0756,S,1201,155
33,34,CW,2,310,308.864,32,-1.136,1.136,-0.3665,0.996335,1.396,37.9,0,2026-09-20T12:18:49.232-07:00,2026-09-20T12:18:50.628-07:00,198,0.904,0.0756,S,1201,155,207,0.963,0.0747,N,1227,169
34,35,CW,2,300,289.56,30,-10.44,10.44,-3.48,0.9652,1.24,37.9,0,2026-09-20T12:18:50.628-07:00,2026-09-20T12:18:51.868-07:00,207,0.963,0.0747,N,1227,169,192,0.914,0.0727,N,1085,155
35,36,CW,2,300,289.56,30,-10.44,10.44,-3.48,0.9652,1.204,5.1,0,2026-09-20T12:18:51.868-07:00,2026-09-20T12:18:53.072-07:00,192,0.914,0.0727,N,1085,155,208,0.995,0.0759,S,1051,153
36,37,CW,2,300,308.864,32,8.864,8.864,2.9547,1.029547,1.18,14.9,0,2026-09-20T12:18:53.072-07:00,2026-09-20T12:18:54.252-07:00,208,0.995,0.0759,S,1051,153,233,1.12,0.0702,S,1031,149
37,38,CW,2,300,299.212,31,-0.788,0.788,-0.2627,0.997373,1.11,14.9,0,2026-09-20T12:18:54.252-07:00,2026-09-20T12:18:55.362-07:00,233,1.12,0.0702,S,1031,149,216,1.038,0.0789,S,965,145
38,39,CW,2,300,299.212,31,-0.788,0.788,-0.2627,0.997373,1.124,15.1,0,2026-09-20T12:18:55.362-07:00,2026-09-20T12:18:56.486-07:00,216,1.038,0.0789,S,965,145,212,1.014,0.0831,S,978,146
39,40,CW,2,300,299.212,31,-0.788,0.788,-0.2627,0.997373,1.105,18.1,0,2026-09-20T12:18:56.486-07:00,2026-09-20T12:18:57.591-07:00,212,1.014,0.0831,S,978,146,215,1.029,0.0733,S,964,141
40,41,CW,2,300,318.516,33,18.516,18.516,6.172,1.06172,1.133,49.9,0,2026-09-20T12:18:57.591-07:00,2026-09-20T12:18:58.724-07:00,215,1.029,0.0733,S,964,141,212,1.01,0.073,S,986,146
41,42,CW,3,300,299.212,31,-0.788,0.788,-0.2627,0.997373,1.123,49.9,0,2026-09-20T12:18:58.724-07:00,2026-09-20T12:18:59.847-07:00,212,1.01,0.073,S,986,146,194,0.924,0.0752,N,988,135
42,43,CW,3,300,289.56,30,-10.44,10.44,-3.48,0.9652,1.062,33.1,0,2026-09-20T12:18:59.847-07:00,2026-09-20T12:19:00.909-07:00,194,0.924,0.0752,N,988,135,214,1.029,0.0758,S,928,134
43,44,CW,3,300,308.864,32,8.864,8.864,2.9547,1.029547,1.06,33.1,0,2026-09-20T12:19:00.909-07:00,2026-09-20T12:19:01.969-07:00,214,1.029,0.0758,S,928,134,198,0.943,0.0764,N,919,141
44,45,CW,3,300,270.256,28,-29.744,29.744,-9.9147,0.900853,1.092,84.1,0,2026-09-20T12:19:01.969-07:00,2026-09-20T12:19:03.061-07:00,198,0.943,0.0764,N,919,141,216,1.038,0.0745,S,952,140
45,46,CW,3,300,328.168,34,28.168,28.168,9.3893,1.093893,1.112,84.1,0,2026-09-20T12:19:03.061-07:00,2026-09-20T12:19:04.173-07:00,216,1.038,0.0745,S,952,140,231,1.1,0.0696,S,973,139
46,47,CW,3,300,308.864,32,8.864,8.864,2.9547,1.029547,1.057,48.9,0,2026-09-20T12:19:04.173-07:00,2026-09-20T12:19:05.230-07:00,231,1.1,0.0696,S,973,139,220,1.038,0.0712,S,917,140
47,48,CW,3,300,279.908,29,-20.092,20.092,-6.6973,0.933027,1.073,48.9,0,2026-09-20T12:19:05.230-07:00,2026-09-20T12:19:06.303-07:00,220,1.038,0.0712,S,917,140,214,1.009,0.0765,N,936,138
48,49,CW,3,300,299.212,31,-0.788,0.788,-0.2627,0.997373,1.106,28.1,0,2026-09-20T12:19:06.303-07:00,2026-09-20T12:19:07.409-07:00,214,1.009,0.0765,N,936,138,223,1.052,0.0721,N,958,148
49,50,CW,3,300,299.212,31,-0.788,0.788,-0.2627,0.997373,1.118,46.1,0,2026-09-20T12:19:07.409-07:00,2026-09-20T12:19:08.527-07:00,223,1.052,0.0721,N,958,148,193,0.91,0.0772,S,981,137
50,51,CW,3,300,328.168,34,28.168,28.168,9.3893,1.093893,1.106,49.9,0,2026-09-20T12:19:08.527-07:00,2026-09-20T12:19:09.633-07:00,193,0.91,0.0772,S,981,137,214,1.009,0.0741,N,966,140
51,52,CW,3,300,279.908,29,-20.092,20.092,-6.6973,0.933027,1.075,49.9,0,2026-09-20T12:19:09.633-07:00,2026-09-20T12:19:10.708-07:00,214,1.009,0.0741,N,966,140,212,1.0,0.0762,S,935,140
54,55,CW,3,300,299.212,31,-0.788,0.788,-0.2627,0.997373,1.097,22.9,0,2026-09-20T12:19:12.966-07:00,2026-09-20T12:19:14.063-07:00,225,1.071,0.0781,S,1002,141,221,1.042,0.0699,S,955,142
55,56,CW,3,300,299.212,31,-0.788,0.788,-0.2627,0.997373,1.115,22.9,0,2026-09-20T12:19:14.063-07:00,2026-09-20T12:19:15.178-07:00,221,1.042,0.0699,S,955,142,212,1.0,0.0751,N,974,141
56,57,CW,3,300,289.56,30,-10.44,10.44,-3.48,0.9652,1.136,24.1,0,2026-09-20T12:19:15.178-07:00,2026-09-20T12:19:16.314-07:00,212,1.0,0.0751,N,974,141,215,1.014,0.0726,S,995,141
57,58,CW,3,295,337.82,35,42.82,42.82,14.5153,1.145153,1.236,40.9,0,2026-09-20T12:19:16.314-07:00,2026-09-20T12:19:17.550-07:00,215,1.014,0.0726,S,995,141,222,1.047,0.0748,S,1088,148
58,59,CW,3,320,279.908,29,-40.092,40.092,-12.5288,0.874712,1.146,40.9,0,2026-09-20T12:19:17.550-07:00,2026-09-20T12:19:18.696-07:00,222,1.047,0.0748,S,1088,148,245,1.156,0.072,N,991,155
59,60,CW,3,300,318.516,33,18.516,18.516,6.172,1.06172,1.372,22.9,0,2026-09-20T12:19:18.696-07:00,2026-09-20T12:19:20.068-07:00,245,1.156,0.072,N,991,155,215,1.005,0.0753,S,1205,167
60,61,CW,3,315,328.168,34,13.168,13.168,4.1803,1.041803,1.396,27.9,0,2026-09-20T12:19:20.068-07:00,2026-09-20T12:19:21.464-07:00,215,1.005,0.0753,S,1205,167,233,1.089,0.0625,N,1231,165
61,62,CW,3,320,308.864,32,-11.136,11.136,-3.48,0.9652,1.467,39.1,0,2026-09-20T12:19:21.464-07:00,2026-09-20T12:19:22.931-07:00,233,1.089,0.0625,N,1231,165,213,0.995,0.0794,S,1289,177
62,63,CW,3,315,308.864,32,-6.136,6.136,-1.9479,0.980521,1.389,72.9,0,2026-09-20T12:19:22.931-07:00,2026-09-20T12:19:24.320-07:00,213,0.995,0.0794,S,1289,177,240,1.121,0.0687,N,1206,181
63,64,CW,3,325,299.212,31,-25.788,25.788,-7.9348,0.920652,1.5,72.9,0,2026-09-20T12:19:24.320-07:00,2026-09-20T12:19:25.820-07:00,240,1.121,0.0687,N,1206,181,222,1.037,0.0737,S,1306,194
64,65,CW,2,315,347.472,36,32.472,32.472,10.3086,1.103086,1.649,26.1,0,2026-09-20T12:19:25.820-07:00,2026-09-20T12:19:27.469-07:00,222,1.037,0.0737,S,1306,194,165,0.767,0.0692,N,1465,184
65,66,CW,2,305,289.56,30,-15.44,15.44,-5.0623,0.949377,1.514,25.9,0,2026-09-20T12:19:27.469-07:00,2026-09-20T12:19:28.983-07:00,165,0.767,0.0692,N,1465,184,182,0.847,0.0621,N,1345,169
66,67,CW,3,300,308.864,32,8.864,8.864,2.9547,1.029547,1.364,49.9,0,2026-09-20T12:19:28.983-07:00,2026-09-20T12:19:30.347-07:00,182,0.847,0.0621,N,1345,169,160,0.744,0.0642,S,1197,167
67,68,CW,3,305,299.212,31,-5.788,5.788,-1.8977,0.981023,1.344,49.9,0,2026-09-20T12:19:30.347-07:00,2026-09-20T12:19:31.691-07:00,160,0.744,0.0642,S,1197,167,187,0.87,0.0584,S,1183,161
68,69,CW,3,300,289.56,30,-10.44,10.44,-3.48,0.9652,1.354,47.1,0,2026-09-20T12:19:31.691-07:00,2026-09-20T12:19:33.045-07:00,187,0.87,0.0584,S,1183,161,183,0.855,0.0591,N,1185,171
69,70,CW,3,300,308.864,32,8.864,8.864,2.9547,1.029547,1.359,47.1,0,2026-09-20T12:19:33.045-07:00,2026-09-20T12:19:34.404-07:00,183,0.855,0.0591,N,1185,171,172,0.804,0.0661,S,1201,158
70,71,CW,3,295,299.212,31,4.212,4.212,1.4278,1.014278,1.289,6.9,0,2026-09-20T12:19:34.404-07:00,2026-09-20T12:19:35.693-07:00,172,0.804,0.0661,S,1201,158,173,0.808,0.0594,N,1130,159
71,72,CW,3,295,289.56,30,-5.44,5.44,-1.8441,0.981559,1.253,46.1,0,2026-09-20T12:19:35.693-07:00,2026-09-20T12:19:36.946-07:00,173,0.808,0.0594,N,1130,159,177,0.827,0.0603,S,1102,151
72,73,CW,3,300,318.516,33,18.516,18.516,6.172,1.06172,1.448,46.1,0,2026-09-20T12:19:36.946-07:00,2026-09-20T12:19:38.394-07:00,177,0.827,0.0603,S,1102,151,179,0.836,0.0611,N,1259,189
73,74,CW,3,300,279.908,29,-20.092,20.092,-6.6973,0.933027,1.598,91.1,0,2026-09-20T12:19:38.394-07:00,2026-09-20T12:19:39.992-07:00,179,0.836,0.0611,N,1259,189,189,0.883,0.0549,N,1393,205
76,77,CW,2,300,289.56,30,-10.44,10.44,-3.48,0.9652,1.391,49.9,0,2026-09-20T12:19:43.254-07:00,2026-09-20T12:19:44.645-07:00,177,0.831,0.0623,N,1375,176,176,0.83,0.0606,N,1228,163
77,78,CW,2,300,308.864,32,8.864,8.864,2.9547,1.029547,1.261,40.1,0,2026-09-20T12:19:44.645-07:00,2026-09-20T12:19:45.906-07:00,176,0.83,0.0606,N,1228,163,195,0.92,0.0537,N,1106,155
78,79,CW,3,300,308.864,32,8.864,8.864,2.9547,1.029547,1.266,34.9,0,2026-09-20T12:19:45.906-07:00,2026-09-20T12:19:47.172-07:00,195,0.92,0.0537,N,1106,155,224,1.082,0.0537,S,1096,170
79,80,CW,3,305,308.864,32,3.864,3.864,1.2669,1.012669,1.268,67.9,0,2026-09-20T12:19:47.172-07:00,2026-09-20T12:19:48.440-07:00,224,1.082,0.0537,S,1096,170,224,1.082,0.0533,N,1108,160
82,83,CW,2,305,299.212,31,-5.788,5.788,-1.8977,0.981023,1.42,117.9,0,2026-09-20T12:19:50.991-07:00,2026-09-20T12:19:52.411-07:00,198,0.957,0.0532,N,1110,178,215,1.039,0.0541,N,1258,162
85,86,CW,3,330,357.124,37,27.124,27.124,8.2194,1.082194,1.285,125.9,0,2026-09-20T12:19:54.902-07:00,2026-09-20T12:19:56.187-07:00,215,1.039,0.0469,S,1107,147,194,0.937,0.054,S,1133,152
86,87,CW,3,300,250.952,26,-49.048,49.048,-16.3493,0.836507,1.17,125.9,0,2026-09-20T12:19:56.187-07:00,2026-09-20T12:19:57.357-07:00,194,0.937,0.054,S,1133,152,214,1.081,0.0586,N,1019,151
87,88,CW,3,300,318.516,33,18.516,18.516,6.172,1.06172,1.168,42.1,0,2026-09-20T12:19:57.357-07:00,2026-09-20T12:19:58.525-07:00,214,1.081,0.0586,N,1019,151,232,1.172,0.0485,N,1023,145
88,89,CW,3,305,308.864,32,3.864,3.864,1.2669,1.012669,1.085,9.1,0,2026-09-20T12:19:58.525-07:00,2026-09-20T12:19:59.610-07:00,232,1.172,0.0485,N,1023,145,230,1.162,0.051,S,951,134
89,90,CW,3,300,308.864,32,8.864,8.864,2.9547,1.029547,1.088,18.9,0,2026-09-20T12:19:59.610-07:00,2026-09-20T12:20:00.698-07:00,230,1.162,0.051,S,951,134,198,1.0,0.0543,N,946,142
93,94,CW,3,300,328.168,34,28.168,28.168,9.3893,1.093893,1.163,99.1,0,2026-09-20T12:20:04.119-07:00,2026-09-20T12:20:05.282-07:00,217,1.113,0.0548,S,1033,153,198,1.015,0.0621,N,1009,155
94,95,CW,3,300,308.864,32,8.864,8.864,2.9547,1.029547,1.196,42.9,0,2026-09-20T12:20:05.282-07:00,2026-09-20T12:20:06.478-07:00,198,1.015,0.0621,N,1009,155,214,1.097,0.0546,S,1053,142
95,96,CW,3,300,279.908,29,-20.092,20.092,-6.6973,0.933027,1.188,45.1,0,2026-09-20T12:20:06.478-07:00,2026-09-20T12:20:07.666-07:00,214,1.097,0.0546,S,1053,142,212,1.087,0.0552,N,1038,150
96,97,CW,3,300,299.212,31,-0.788,0.788,-0.2627,0.997373,1.204,47.1,0,2026-09-20T12:20:07.666-07:00,2026-09-20T12:20:08.870-07:00,212,1.087,0.0552,N,1038,150,224,1.131,0.0467,N,1051,153
97,98,CW,3,300,308.864,32,8.864,8.864,2.9547,1.029547,1.155,47.1,0,2026-09-20T12:20:08.870-07:00,2026-09-20T12:20:10.025-07:00,224,1.131,0.0467,N,1051,153,209,1.056,0.0545,S,1012,143
100,101,CW,2,300,279.908,29,-20.092,20.092,-6.6973,0.933027,1.104,95.9,0,2026-09-20T12:20:12.329-07:00,2026-09-20T12:20:13.433-07:00,196,0.947,0.0784,N,980,136,192,0.928,0.0763,S,963,141
103,104,CW,3,300,270.256,28,-29.744,29.744,-9.9147,0.900853,1.072,73.1,0,2026-09-20T12:20:15.529-07:00,2026-09-20T12:20:16.601-07:00,173,0.828,0.0626,N,844,130,175,0.837,0.0663,S,939,133
104,105,CW,3,300,328.168,34,28.168,28.168,9.3893,1.093893,1.111,73.1,0,2026-09-20T12:20:16.601-07:00,2026-09-20T12:20:17.712-07:00,175,0.837,0.0663,S,939,133,187,0.895,0.0574,S,966,145
105,106,CW,3,300,299.212,31,-0.788,0.788,-0.2627,0.997373,1.182,36.9,0,2026-09-20T12:20:17.712-07:00,2026-09-20T12:20:18.894-07:00,187,0.895,0.0574,S,966,145,151,0.722,0.0671,S,1017,165
106,107,CW,3,300,289.56,30,-10.44,10.44,-3.48,0.9652,1.155,36.9,0,2026-09-20T12:20:18.894-07:00,2026-09-20T12:20:20.049-07:00,151,0.722,0.0671,S,1017,165,171,0.818,0.0644,N,1011,144
107,108,CW,2,300,328.168,34,28.168,28.168,9.3893,1.093893,1.186,95.9,0,2026-09-20T12:20:20.049-07:00,2026-09-20T12:20:21.235-07:00,171,0.818,0.0644,N,1011,144,139,0.665,0.0741,N,1037,149
114,115,CW,3,300,299.212,31,-0.788,0.788,-0.2627,0.997373,1.092,49.1,0,2026-09-20T12:20:29.089-07:00,2026-09-20T12:20:30.181-07:00,197,0.952,0.0822,S,974,133,219,1.106,0.0751,N,954,138
115,116,CW,3,300,308.864,32,8.864,8.864,2.9547,1.029547,1.195,39.1,0,2026-09-20T12:20:30.181-07:00,2026-09-20T12:20:31.376-07:00,219,1.106,0.0751,N,954,138,192,0.97,0.0754,S,1055,140
116,117,CW,3,300,308.864,32,8.864,8.864,2.9547,1.029547,1.18,33.1,0,2026-09-20T12:20:31.376-07:00,2026-09-20T12:20:32.556-07:00,192,0.97,0.0754,S,1055,140,192,0.97,0.0747,S,1027,153
117,118,CW,3,300,308.864,32,8.864,8.864,2.9547,1.029547,1.155,32.9,0,2026-09-20T12:20:32.556-07:00,2026-09-20T12:20:33.711-07:00,192,0.97,0.0747,S,1027,153,193,0.975,0.0778,N,1008,147
118,119,CW,3,300,289.56,30,-10.44,10.44,-3.48,0.9652,1.146,32.9,0,2026-09-20T12:20:33.711-07:00,2026-09-20T12:20:34.857-07:00,193,0.975,0.0778,N,1008,147,215,1.091,0.0764,N,1008,138
119,120,CW,3,300,308.864,32,8.864,8.864,2.9547,1.029547,1.069,20.9,0,2026-09-20T12:20:34.857-07:00,2026-09-20T12:20:35.926-07:00,215,1.091,0.0764,N,1008,138,198,1.005,0.0781,N,931,138
120,121,CW,3,300,289.56,30,-10.44,10.44,-3.48,0.9652,1.05,29.1,0,2026-09-20T12:20:35.926-07:00,2026-09-20T12:20:36.976-07:00,198,1.005,0.0781,N,931,138,235,1.193,0.0669,S,919,131
121,122,CW,3,300,279.908,29,-20.092,20.092,-6.6973,0.933027,0.958,29.1,0,2026-09-20T12:20:36.976-07:00,2026-09-20T12:20:37.934-07:00,235,1.193,0.0669,S,919,131,211,1.071,0.0755,S,815,143
122,123,CW,3,300,270.256,28,-29.744,29.744,-9.9147,0.900853,1.013,12.9,0,2026-09-20T12:20:37.934-07:00,2026-09-20T12:20:38.947-07:00,211,1.071,0.0755,S,815,143,216,1.091,0.0739,S,871,142
123,124,CW,3,300,289.56,30,-10.44,10.44,-3.48,0.9652,1.027,74.9,0,2026-09-20T12:20:38.947-07:00,2026-09-20T12:20:39.974-07:00,216,1.091,0.0739,S,871,142,219,1.106,0.0699,N,880,147
124,125,CW,3,300,241.3,25,-58.7,58.7,-19.5667,0.804333,1.031,74.9,0,2026-09-20T12:20:39.974-07:00,2026-09-20T12:20:41.005-07:00,219,1.106,0.0699,N,880,147,206,1.04,0.0726,S,887,144
125,126,CW,3,300,299.212,31,-0.788,0.788,-0.2627,0.997373,1.03,56.1,0,2026-09-20T12:20:41.005-07:00,2026-09-20T12:20:42.035-07:00,206,1.04,0.0726,S,887,144,219,1.106,0.0752,N,886,144
126,127,CW,3,280,241.3,25,-38.7,38.7,-13.8214,0.861786,1.019,103.1,0,2026-09-20T12:20:42.035-07:00,2026-09-20T12:20:43.054-07:00,219,1.106,0.0752,N,886,144,208,1.051,0.0722,N,869,150
129,130,CW,3,290,337.82,35,47.82,47.82,16.4897,1.164897,1.13,63.9,0,2026-09-20T12:20:45.361-07:00,2026-09-20T12:20:46.491-07:00,194,0.98,0.0573,N,887,144,178,0.904,0.0591,S,1000,130
130,131,CW,3,300,328.168,34,28.168,28.168,9.3893,1.093893,1.136,128.9,0,2026-09-20T12:20:46.491-07:00,2026-09-20T12:20:47.627-07:00,178,0.904,0.0591,S,1000,130,152,0.776,0.0682,N,1010,126
131,132,CW,3,300,299.212,31,-0.788,0.788,-0.2627,0.997373,1.025,128.9,0,2026-09-20T12:20:47.627-07:00,2026-09-20T12:20:48.652-07:00,152,0.776,0.0682,N,1010,126,153,0.785,0.0703,N,904,121
132,133,CW,3,300,279.908,29,-20.092,20.092,-6.6973,0.933027,1.048,104.9,0,2026-09-20T12:20:48.652-07:00,2026-09-20T12:20:49.700-07:00,153,0.785,0.0703,N,904,121,164,0.841,0.0609,S,922,126
133,134,CW,3,300,299.212,31,-0.788,0.788,-0.2627,0.997373,1.012,56.9,0,2026-09-20T12:20:49.700-07:00,2026-09-20T12:20:50.712-07:00,164,0.841,0.0609,S,922,126,161,0.83,0.0645,S,880,132
134,135,CW,3,300,289.56,30,-10.44,10.44,-3.48,0.9652,1.038,45.9,0,2026-09-20T12:20:50.712-07:00,2026-09-20T12:20:51.750-07:00,161,0.83,0.0645,S,880,132,185,0.954,0.0587,N,913,125
135,136,CW,3,300,289.56,30,-10.44,10.44,-3.48,0.9652,1.032,23.1,0,2026-09-20T12:20:51.750-07:00,2026-09-20T12:20:52.782-07:00,185,0.954,0.0587,N,913,125,176,0.907,0.0604,N,906,126
136,137,CW,3,300,318.516,33,18.516,18.516,6.172,1.06172,1.035,42.9,0,2026-09-20T12:20:52.782-07:00,2026-09-20T12:20:53.817-07:00,176,0.907,0.0604,N,906,126,160,0.825,0.0639,S,909,126
137,138,CW,3,300,279.908,29,-20.092,20.092,-6.6973,0.933027,1.138,42.9,0,2026-09-20T12:20:53.817-07:00,2026-09-20T12:20:54.955-07:00,160,0.825,0.0639,S,909,126,162,0.835,0.0629,S,992,146
138,139,CW,3,300,308.864,32,8.864,8.864,2.9547,1.029547,1.126,20.1,0,2026-09-20T12:20:54.955-07:00,2026-09-20T12:20:56.081-07:00,162,0.835,0.0629,S,992,146,163,0.84,0.0627,S,988,138
139,140,CW,3,300,308.864,32,8.864,8.864,2.9547,1.029547,1.068,20.1,0,2026-09-20T12:20:56.081-07:00,2026-09-20T12:20:57.149-07:00,163,0.84,0.0627,S,988,138,131,0.675,0.0684,S,924,144
140,141,CW,3,300,308.864,32,8.864,8.864,2.9547,1.029547,1.062,51.9,0,2026-09-20T12:20:57.149-07:00,2026-09-20T12:20:58.211-07:00,131,0.675,0.0684,S,924,144,141,0.727,0.0754,S,929,133
141,142,CW,3,300,289.56,30,-10.44,10.44,-3.48,0.9652,1.053,51.9,0,2026-09-20T12:20:58.211-07:00,2026-09-20T12:20:59.264-07:00,141,0.727,0.0754,S,929,133,176,0.907,0.0592,N,922,131
142,143,CW,3,300,270.256,28,-29.744,29.744,-9.9147,0.900853,1.074,73.1,0,2026-09-20T12:20:59.264-07:00,2026-09-20T12:21:00.338-07:00,176,0.907,0.0592,N,922,131,182,0.943,0.0557,S,940,134
143,144,CW,3,300,318.516,33,18.516,18.516,6.172,1.06172,1.139,73.1,0,2026-09-20T12:21:00.338-07:00,2026-09-20T12:21:01.477-07:00,182,0.943,0.0557,S,940,134,159,0.828,0.0751,N,1015,124
144,145,CW,3,305,308.864,32,3.864,3.864,1.2669,1.012669,1.282,12.1,0,2026-09-20T12:21:01.477-07:00,2026-09-20T12:21:02.759-07:00,159,0.828,0.0751,N,1015,124,190,0.99,0.0543,N,1126,156
145,146,CW,3,300,289.56,30,-10.44,10.44,-3.48,0.9652,1.137,30.1,0,2026-09-20T12:21:02.759-07:00,2026-09-20T12:21:03.896-07:00,190,0.99,0.0543,N,1126,156,188,0.989,0.0578,N,995,142
146,147,CW,3,305,318.516,33,13.516,13.516,4.4315,1.044315,1.145,30.1,0,2026-09-20T12:21:03.896-07:00,2026-09-20T12:21:05.041-07:00,188,0.989,0.0578,N,995,142,199,1.059,0.0547,N,993,151
147,148,CW,3,300,308.864,32,8.864,8.864,2.9547,1.029547,1.125,25.9,0,2026-09-20T12:21:05.041-07:00,2026-09-20T12:21:06.166-07:00,199,1.059,0.0547,N,993,151,164,0.872,0.0621,S,998,127
148,149,CW,3,295,279.908,29,-15.092,15.092,-5.1159,0.948841,1.047,46.1,0,2026-09-20T12:21:06.166-07:00,2026-09-20T12:21:07.213-07:00,164,0.872,0.0621,S,998,127,174,0.941,0.0619,N,915,132
149,150,CW,3,300,318.516,33,18.516,18.516,6.172,1.06172,1.047,46.1,0,2026-09-20T12:21:07.213-07:00,2026-09-20T12:21:08.260-07:00,174,0.941,0.0619,N,915,132,187,1.027,0.0567,S,920,127
150,151,CW,3,300,299.212,31,-0.788,0.788,-0.2627,0.997373,1.103,6.9,0,2026-09-20T12:21:08.260-07:00,2026-09-20T12:21:09.363-07:00,187,1.027,0.0567,S,920,127,169,0.929,0.0625,N,968,135
151,152,CW,3,300,328.168,34,28.168,28.168,9.3893,1.093893,1.296,8.9,0,2026-09-20T12:21:09.363-07:00,2026-09-20T12:21:10.659-07:00,169,0.929,0.0625,N,968,135,151,0.848,0.0665,N,1139,157
152,153,CW,3,305,270.256,28,-34.744,34.744,-11.3915,0.886085,1.034,25.1,0,2026-09-20T12:21:10.659-07:00,2026-09-20T12:21:11.693-07:00,151,0.848,0.0665,N,1139,157,192,1.091,0.052,N,893,141
153,154,CW,3,300,308.864,32,8.864,8.864,2.9547,1.029547,1.155,25.1,0,2026-09-20T12:21:11.693-07:00,2026-09-20T12:21:12.848-07:00,192,1.091,0.052,N,893,141,188,1.068,0.0615,S,1014,141
154,155,CW,3,300,299.212,31,-0.788,0.788,-0.2627,0.997373,1.181,39.9,0,2026-09-20T12:21:12.848-07:00,2026-09-20T12:21:14.029-07:00,188,1.068,0.0615,S,1014,141,192,1.091,0.0537,N,1028,153
155,156,CW,3,305,299.212,31,-5.788,5.788,-1.8977,0.981023,1.262,39.9,0,2026-09-20T12:21:14.029-07:00,2026-09-20T12:21:15.291-07:00,192,1.091,0.0537,N,1028,153,209,1.188,0.0798,S,1115,147
158,159,CW,3,320,357.124,37,37.124,37.124,11.6012,1.116012,1.21,111.1,0,2026-09-20T12:21:17.784-07:00,2026-09-20T12:21:18.994-07:00,182,1.034,0.06,S,991,132,195,1.108,0.0751,S,1071,139
159,160,CW,3,300,318.516,33,18.516,18.516,6.172,1.06172,1.092,88.9,0,2026-09-20T12:21:18.994-07:00,2026-09-20T12:21:20.086-07:00,195,1.108,0.0751,S,1071,139,192,1.091,0.0778,N,951,141
160,161,CW,3,300,328.168,34,28.168,28.168,9.3893,1.093893,1.331,88.9,0,2026-09-20T12:21:20.086-07:00,2026-09-20T12:21:21.417-07:00,192,1.091,0.0778,N,951,141,194,1.102,0.0705,S,1172,159
164,165,CW,3,320,270.256,28,-49.744,49.744,-15.545,0.84455,1.25,108.1,0,2026-09-20T12:21:25.537-07:00,2026-09-20T12:21:26.787-07:00,196,1.077,0.0771,S,1220,155,221,1.195,0.0785,S,1103,147
165,166,CW,3,325,357.124,37,32.124,32.124,9.8843,1.098843,1.271,108.1,0,2026-09-20T12:21:26.787-07:00,2026-09-20T12:21:28.058-07:00,221,1.195,0.0785,S,1103,147,205,1.108,0.0752,S,1122,149
166,167,CW,3,315,318.516,33,3.516,3.516,1.1162,1.011162,1.291,30.9,0,2026-09-20T12:21:28.058-07:00,2026-09-20T12:21:29.349-07:00,205,1.108,0.0752,S,1122,149,185,0.989,0.0808,N,1144,146
169,170,CW,2,330,337.82,35,7.82,7.82,2.3697,1.023697,1.258,22.1,0,2026-09-20T12:21:32.003-07:00,2026-09-20T12:21:33.261-07:00,192,1.021,0.0792,N,1129,152,238,1.266,0.0811,S,1110,148
170,0,CW,2,330,328.168,34,-1.832,1.832,-0.5552,0.994448,1.279,42.9,0,2026-09-20T12:21:33.261-07:00,2026-09-20T12:21:34.540-07:00,238,1.266,0.0811,S,1110,148,239,1.258,0.065,N,1129,151
0,1,CW,3,330,308.864,32,-21.136,21.136,-6.4048,0.935952,1.268,42.9,0,2026-09-20T12:21:34.540-07:00,2026-09-20T12:21:35.808-07:00,239,1.258,0.065,N,1129,151,335,1.745,0.0753,N,1118,150
1,2,CW,3,340,357.124,37,17.124,17.124,5.0365,1.050365,1.449,29.9,0,2026-09-20T12:21:35.808-07:00,2026-09-20T12:21:37.257-07:00,335,1.745,0.0753,N,1118,150,274,1.427,0.0699,S,1278,171
2,3,CW,3,330,328.168,34,-1.832,1.832,-0.5552,0.994448,1.397,32.9,0,2026-09-20T12:21:37.257-07:00,2026-09-20T12:21:38.654-07:00,274,1.427,0.0699,S,1278,171,278,1.448,0.0652,S,1230,167
3,4,CW,3,315,318.516,33,3.516,3.516,1.1162,1.011162,1.295,37.9,0,2026-09-20T12:21:38.654-07:00,2026-09-20T12:21:39.949-07:00,278,1.448,0.0652,S,1230,167,278,1.448,0.0653,S,1134,161
4,5,CW,3,325,308.864,32,-16.136,16.136,-4.9649,0.950351,1.32,37.9,0,2026-09-20T12:21:39.949-07:00,2026-09-20T12:21:41.269-07:00,278,1.448,0.0653,S,1134,161,253,1.304,0.0776,N,1165,155
5,6,CW,3,330,318.516,33,-11.484,11.484,-3.48,0.9652,1.329,17.9,0,2026-09-20T12:21:41.269-07:00,2026-09-20T12:21:42.598-07:00,253,1.304,0.0776,N,1165,155,281,1.441,0.0667,N,1157,172
6,7,CW,3,315,308.864,32,-6.136,6.136,-1.9479,0.980521,1.347,54.1,0,2026-09-20T12:21:42.598-07:00,2026-09-20T12:21:43.945-07:00,281,1.441,0.0667,N,1157,172,202,1.031,0.0753,S,1194,153
7,8,CW,3,300,328.168,34,28.168,28.168,9.3893,1.093893,1.219,54.1,0,2026-09-20T12:21:43.945-07:00,2026-09-20T12:21:45.164-07:00,202,1.031,0.0753,S,1194,153,237,1.209,0.0737,S,1079,140
8,9,CW,3,300,299.212,31,-0.788,0.788,-0.2627,0.997373,1.105,26.9,0,2026-09-20T12:21:45.164-07:00,2026-09-20T12:21:46.269-07:00,237,1.209,0.0737,S,1079,140,206,1.02,0.076,S,960,145
9,10,CW,3,295,308.864,32,13.864,13.864,4.6997,1.046997,1.139,84.9,0,2026-09-20T12:21:46.269-07:00,2026-09-20T12:21:47.408-07:00,206,1.02,0.076,S,960,145,225,1.114,0.0677,S,986,153
10,11,CW,3,300,299.212,31,-0.788,0.788,-0.2627,0.997373,1.213,84.9,0,2026-09-20T12:21:47.408-07:00,2026-09-20T12:21:48.621-07:00,225,1.114,0.0677,S,986,153,206,1.01,0.0712,N,1056,157
11,12,CW,3,290,279.908,29,-10.092,10.092,-3.48,0.9652,1.168,71.9,0,2026-09-20T12:21:48.621-07:00,2026-09-20T12:21:49.789-07:00,206,1.01,0.0712,N,1056,157,141,0.688,0.0734,N,1021,147
12,13,CW,3,300,279.908,29,-20.092,20.092,-6.6973,0.933027,1.143,37.1,0,2026-09-20T12:21:49.789-07:00,2026-09-20T12:21:50.932-07:00,141,0.688,0.0734,N,1021,147,218,1.063,0.0765,N,986,157
13,14,CW,3,315,347.472,36,32.472,32.472,10.3086,1.103086,1.297,67.9,0,2026-09-20T12:21:50.932-07:00,2026-09-20T12:21:52.229-07:00,218,1.063,0.0765,N,986,157,199,0.966,0.0748,N,1144,153
14,15,CW,3,315,289.56,30,-25.44,25.44,-8.0762,0.919238,1.463,67.9,0,2026-09-20T12:21:52.229-07:00,2026-09-20T12:21:53.692-07:00,199,0.966,0.0748,N,1144,153,210,1.019,0.0755,S,1287,176
15,16,CW,3,325,318.516,33,-6.484,6.484,-1.9951,0.980049,1.616,9.1,0,2026-09-20T12:21:53.692-07:00,2026-09-20T12:21:55.308-07:00,210,1.019,0.0755,S,1287,176,192,0.932,0.0694,S,1438,178
16,17,CW,3,310,308.864,32,-1.136,1.136,-0.3665,0.996335,1.701,9.1,0,2026-09-20T12:21:55.308-07:00,2026-09-20T12:21:57.009-07:00,192,0.932,0.0694,S,1438,178,235,1.141,0.0713,N,1467,234
17,18,CW,3,300,299.212,31,-0.788,0.788,-0.2627,0.997373,1.667,24.9,0,2026-09-20T12:21:57.009-07:00,2026-09-20T12:21:58.676-07:00,235,1.141,0.0713,N,1467,234,240,1.165,0.07,S,1450,217
20,21,CW,3,315,289.56,30,-25.44,25.44,-8.0762,0.919238,1.419,17.9,0,2026-09-20T12:22:01.485-07:00,2026-09-20T12:22:02.904-07:00,236,1.083,0.0707,S,1156,184,229,1.036,0.0732,N,1252,167
21,22,CW,3,315,279.908,29,-35.092,35.092,-11.1403,0.888597,1.318,17.1,0,2026-09-20T12:22:02.904-07:00,2026-09-20T12:22:04.222-07:00,229,1.036,0.0732,N,1252,167,228,1.018,0.0777,S,1147,171
22,23,CW,3,305,270.256,28,-34.744,34.744,-11.3915,0.886085,1.214,30.1,0,2026-09-20T12:22:04.222-07:00,2026-09-20T12:22:05.436-07:00,228,1.018,0.0777,S,1147,171,195,0.867,0.0796,N,1038,176
23,24,CW,3,300,318.516,33,18.516,18.516,6.172,1.06172,1.322,48.9,0,2026-09-20T12:22:05.436-07:00,2026-09-20T12:22:06.758-07:00,195,0.867,0.0796,N,1038,176,223,0.991,0.0695,N,1154,168
24,25,CW,3,295,270.256,28,-24.744,24.744,-8.3878,0.916122,1.289,48.9,0,2026-09-20T12:22:06.758-07:00,2026-09-20T12:22:08.047-07:00,223,0.991,0.0695,N,1154,168,198,0.88,0.0752,N,1114,175
25,26,CW,3,300,289.56,30,-10.44,10.44,-3.48,0.9652,1.344,39.1,0,2026-09-20T12:22:08.047-07:00,2026-09-20T12:22:09.391-07:00,198,0.88,0.0752,N,1114,175,208,0.924,0.0827,S,1141,203
28,29,CW,3,300,299.212,31,-0.788,0.788,-0.2627,0.997373,2.113,36.9,0,2026-09-20T12:22:12.976-07:00,2026-09-20T12:22:15.089-07:00,181,0.804,0.0803,N,1595,219,198,0.88,0.078,N,1848,265
29,30,CW,3,315,318.516,33,3.516,3.516,1.1162,1.011162,2.704,25.9,0,2026-09-20T12:22:15.089-07:00,2026-09-20T12:22:17.793-07:00,198,0.88,0.078,N,1848,265,224,0.996,0.0742,N,2361,343
30,31,CW,3,330,308.864,32,-21.136,21.136,-6.4048,0.935952,4.096,30.9,0,2026-09-20T12:22:17.793-07:00,2026-09-20T12:22:21.889-07:00,224,0.996,0.0742,N,2361,343,197,0.879,0.0809,N,3477,619
31,32,CW,3,320,318.516,33,-1.484,1.484,-0.4638,0.995362,4.392,42.9,0,2026-09-20T12:22:21.889-07:00,2026-09-20T12:22:26.281-07:00,197,0.879,0.0809,N,3477,619,191,0.857,0.0692,N,3906,485
32,33,CW,3,315,318.516,33,3.516,3.516,1.1162,1.011162,4.846,42.9,0,2026-09-20T12:22:26.281-07:00,2026-09-20T12:22:31.127-07:00,191,0.857,0.0692,N,3906,485,197,0.904,0.0783,S,4347,500
33,34,CW,3,310,308.864,32,-1.136,1.136,-0.3665,0.996335,5.422,17.1,0,2026-09-20T12:22:31.127-07:00,2026-09-20T12:22:36.549-07:00,197,0.904,0.0783,S,4347,500,214,1.019,0.075,N,4912,509
34,35,CW,3,300,289.56,30,-10.44,10.44,-3.48,0.9652,4.065,78.1,0,2026-09-20T12:22:36.549-07:00,2026-09-20T12:22:40.614-07:00,214,1.019,0.075,N,4912,509,193,0.919,0.0783,N,3605,460
35,36,CW,3,300,299.212,31,-0.788,0.788,-0.2627,0.997373,3.925,78.1,0,2026-09-20T12:22:40.614-07:00,2026-09-20T12:22:44.539-07:00,193,0.919,0.0783,N,3605,460,210,1.01,0.0827,S,3455,470
36,37,CW,3,300,308.864,32,8.864,8.864,2.9547,1.029547,3.838,63.9,0,2026-09-20T12:22:44.539-07:00,2026-09-20T12:22:48.377-07:00,210,1.01,0.0827,S,3455,470,229,1.101,0.0769,S,3361,477
37,38,CW,3,300,299.212,31,-0.788,0.788,-0.2627,0.997373,3.729,63.9,0,2026-09-20T12:22:48.377-07:00,2026-09-20T12:22:52.106-07:00,229,1.101,0.0769,S,3361,477,215,1.034,0.0795,S,3269,460
38,39,CW,3,300,299.212,31,-0.788,0.788,-0.2627,0.997373,3.824,36.9,0,2026-09-20T12:22:52.106-07:00,2026-09-20T12:22:55.930-07:00,215,1.034,0.0795,S,3269,460,217,1.033,0.0822,S,3341,483
39,40,CW,3,300,299.212,31,-0.788,0.788,-0.2627,0.997373,4.737,17.1,0,2026-09-20T12:22:55.930-07:00,2026-09-20T12:23:00.667-07:00,217,1.033,0.0822,S,3341,483,220,1.048,0.0737,S,4105,632
