loco,seg,kind,t0,t1,n,dur,len_W,pwm,median,MAD,p5,p95,p1,p99,spread5_95,dmed_thirds,slope_cps,slope_perW,blk_range,blk_maxstep,blk_curv,rec_base,next_pol,prev_pol
otto,otto_low_pwm_N_seq33704+,pre,0.0,754.9989999999962,756,754.9989999999962,2.6398474131208842,39,1932.0,1.0,1929.0,1941.0,1927.0,1942.0,12.0,-2.0,-2.320185614849188,-0.6635754060324915,2.0,1.0,0.39285714285733775,1932,N,
otto,otto_low_pwm_N_seq33704+,bounded,3044.0,3770.998999999996,728,726.9989999999962,3.2167955009047917,59,1933.0,2.0,1931.0,1942.0,1929.0,1943.0,11.0,1.0,0.0,0.0,1.0,1.0,0.7500000000004547,1932,S,N
otto,otto_low_pwm_N_seq33704+,bounded,5100.0,5675.998999999996,577,575.9989999999962,3.850273563748416,72,1934.0,1.0,1931.0,1942.0,1929.76,1943.0,11.0,0.0,0.0,0.0,1.0,1.0,0.6999999999998181,1932,S,S
otto,otto_mid_pwm_N_seq41887,pre,0.0,321.7130000000034,323,321.7130000000034,3.300805417329204,90,1934.0,3.0,1930.0,1942.0,1928.22,1943.0,12.0,1.0,0.0,0.0,1.0,1.0,0.33333333333325754,1932,S,
otto,otto_mid_pwm_N_seq41887,bounded,1100.7119999999995,1547.7119999999995,448,447.0,4.50457259466396,90,1933.0,2.0,1930.0,1941.0,1927.47,1942.53,11.0,-2.0,-5.405420014648744,-0.5363933416036417,2.0,2.0,1.0000000000002274,1932,N,S
otto,otto_mid_pwm_N_seq41887,bounded,2355.7130000000034,2816.7130000000034,462,461.0,4.587087497947839,90,1934.0,3.0,1930.0,1941.0,1929.0,1942.3899999999999,11.0,0.0,0.0,0.0,1.0,1.0,0.599999999999909,1932,S,N
otto,otto_mid_pwm_N_seq41887,post,3615.8199999999997,3999.7130000000034,385,383.89300000000367,3.838968389684081,90,1933.0,1.0,1930.0,1942.0,1928.84,1943.0,12.0,0.0,0.0,0.0,1.0,1.0,0.6666666666667425,1932,,S
otto,otto_low_pwm_S_seq111892,pre,0.0,1220.0,1221,1220.0,6.853894079249399,64,1935.0,2.0,1931.0,1943.0,1930.0,1946.0,12.0,-2.0,-1.587304106831742,-0.2825417183200475,2.0,1.0,0.9230769230773603,1935,S,
otto,otto_low_pwm_S_seq111892,bounded,2645.000999999931,3406.0,762,760.9990000000689,4.275251262635399,60,1934.0,1.0,1931.0,1942.0,1930.0,1943.0,11.0,-2.0,-1.9437212663619055,-0.3459843291335516,1.0,1.0,0.4285714285708764,1935,N,S
otto,otto_high_pwm_N_seq11794,pre,0.0,1435.999000000069,1437,1435.999000000069,11.046146153846683,74,1934.0,1.0,1931.0,1936.0,1930.0,1936.0,5.0,2.0,1.7636684303350971,0.22927689594356263,4.0,2.0,1.2000000000002728,1935,S,
otto,otto_high_pwm_N_seq11794,bounded,2476.0,3060.0,585,584.0,5.122335223506015,106,1934.0,1.0,1931.0,1936.0,1930.0,1936.0,5.0,-1.0,0.0,0.0,0.0,0.0,4.547473508864641e-13,1935,N,S
otto,otto_high_pwm_N_seq11794,bounded,3844.999000000069,4260.999000000069,417,416.0,4.266207228961092,110,1933.0,2.0,1930.0,1942.0,1929.0,1943.0,12.0,1.0,4.46428571428571,0.43531473214326416,0.5,0.5,0.19999999999959073,1935,N,N
otto,otto_high_pwm_N_seq11794,post,5036.999000000069,5491.276000000071,455,454.27700000000186,4.683268041237133,110,1935.0,2.0,1931.0,1943.0,1930.0,1946.0,12.0,2.0,6.535990431307035,0.6339910718367825,3.0,1.5,0.3499999999994543,1935,,N
otto,otto_difficult_not_a_mag,pre,0.0,224.0,225,224.0,2.113247419759889,90,1903.0,3.0,1899.0,1910.8,1899.0,1911.0,11.799999999999955,2.0,0.0,0.0,1.0,1.0,,1935,S,
otto,otto_difficult_not_a_mag,bounded,1071.0,1565.9990000003017,496,494.99900000030175,4.8058855225973725,90,1901.0,1.0,1898.0,1910.0,1896.95,1911.0,12.0,-1.0,-2.8011086788222936,-0.2885099922562937,1.0,1.0,0.4000000000003183,1935,N,S
otto,otto_difficult_not_a_mag,bounded,2365.0,2983.9990000003017,620,618.9990000003017,5.9234354067014525,90,1901.0,2.0,1898.0,1909.0,1897.0,1910.0,11.0,-1.0,0.0,0.0,1.0,1.0,0.7047619047621083,1935,N,N
otto,otto_difficult_not_a_mag,post,3856.43200000003,4000.0,145,143.5679999999702,1.3171255309618044,90,1901.0,1.0,1899.0,1909.0,1897.44,1910.56,10.0,0.0,0.0,0.0,,,,1935,,N
otto,otto_difficult_no_positi,pre,0.0,664.8610000000335,665,664.8610000000335,2.4176763636364855,0,1903.0,1.0,1901.0,1911.0,1899.0,1913.0,10.0,1.0,0.0,0.0,1.0,1.0,0.590476190475556,1935,S,
otto,otto_difficult_no_positi,post,2865.0,3999.9990000003017,1136,1134.9990000003017,4.127269090910188,0,1902.0,1.0,1899.0,1910.0,1897.35,1911.0,11.0,0.0,0.0,0.0,0.0,0.0,4.547473508864641e-13,1935,,S
otto,otto_difficult_wrong_mag,pre,0.0,120.0,121,120.0,1.0909190083516287,90,1902.0,1.0,1901.0,1904.0,1899.2,1911.2,3.0,0.5,0.0,0.0,,,,1935,S,
otto,otto_difficult_wrong_mag,bounded,999.0,1516.0,518,517.0,4.575221238938053,90,1901.0,2.0,1898.0,1903.0,1895.0,1904.0,5.0,-3.0,-7.04225352112676,-0.7957746478873239,3.0,1.5,0.4999999999997726,1935,N,S
otto,otto_difficult_wrong_mag,post,2445.4640000001527,3999.9990000003017,1556,1554.535000000149,13.40104826686143,53,1902.0,2.0,1898.0,1910.0,1895.55,1911.0,12.0,3.0,2.8368754086885777,0.3290803842824277,4.0,1.0,0.5333333333328483,1935,,N
toby,toby_mid_pwm_S_t409264,pre,0.0,1382.0,1373,1382.0,7.3121693121693125,54,1799.0,1.0,1796.0,1801.0,1792.0,1808.0,5.0,0.0,0.0,0.0,1.0,1.0,0.7252747252753124,1798,S,
toby,toby_mid_pwm_S_t409264,bounded,2800.0,3249.0,447,449.0,2.375661375661376,69,1799.0,1.0,1797.0,1802.0,1795.0,1806.08,5.0,0.0,0.0,0.0,0.0,0.0,9.094947017729282e-13,1798,S,S
toby,toby_mid_pwm_N_t415952,pre,0.0,647.0,642,647.0,7.523255813953488,90,1799.0,1.0,1797.0,1803.0,1792.0,1805.0,6.0,-2.0,-3.144654088050314,-0.27044025157232704,3.0,2.0,1.0476190476190368,1798,S,
toby,toby_mid_pwm_N_t415952,bounded,1293.0,1715.0,418,422.0,4.906976744186046,90,1798.0,1.0,1796.0,1800.0,1793.17,1803.0,4.0,-1.0,0.0,0.0,1.0,1.0,0.3000000000001819,1798,N,S
toby,toby_mid_pwm_N_t415952,bounded,2361.0,2744.0,379,383.0,4.208791208791209,90,1797.0,1.0,1796.0,1800.0,1790.78,1804.22,4.0,0.0,0.0,0.0,1.0,1.0,0.33333333333325754,1798,N,N
toby,toby_mid_pwm_N_t415952,post,3465.0,4000.0,531,535.0,5.572916666666667,90,1799.0,1.0,1796.0,1802.0,1794.0,1811.7,6.0,1.0,3.1250000000000018,0.30000000000000016,1.0,1.0,0.40000000000009095,1798,,N
toby,toby_low_pwm_S_t437078,pre,0.0,1455.0,1443,1455.0,8.765060240963855,62,1798.0,1.0,1793.0,1800.0,1791.0,1804.0,7.0,3.0,3.215434083601287,0.5337620578778136,5.0,2.0,1.3274725274723096,1798,S,
toby,toby_low_pwm_S_t437078,post,2701.0,4000.0,1295,1299.0,7.825301204819277,60,1800.0,1.0,1798.0,1808.0,1795.0,1809.06,10.0,4.0,3.8610038610038626,0.6409266409266412,6.0,3.0,2.9743589743593475,1798,,S
toby,toby_low_pwm_N_t442867,bounded,731.0,1462.0,727,731.0,4.746753246753247,60,1799.0,1.0,1796.0,1801.0,1795.0,1804.74,5.0,-1.0,-2.8985507246376816,-0.446376811594203,1.0,1.0,0.4285714285715585,1798,N,S
toby,toby_low_pwm_N_t442867,post,2678.0,4000.0,1315,1322.0,8.160493827160494,60,1799.0,1.0,1796.7,1804.0,1794.0,1806.86,7.2999999999999545,3.0,2.857142857142858,0.462857142857143,5.5,2.0,1.8186813186816835,1798,,N
toby,toby_difficult_disagree_,pre,0.0,124.0,125,124.0,0.9051094890510949,68,1800.0,1.0,1798.0,1804.0,1795.24,1809.0,6.0,1.0,0.0,0.0,,,,1799,S,
toby,toby_difficult_disagree_,bounded,1152.0,1630.0,473,478.0,3.8704453441295548,76,1799.0,1.0,1797.0,1801.0,1793.44,1804.28,4.0,-1.0,-2.386634844868735,-0.2947494033412888,1.0,1.0,0.3999999999998636,1799,N,S
toby,toby_difficult_disagree_,bounded,2456.0,2808.0,349,352.0,3.3207547169811322,84,1799.0,1.0,1797.0,1802.0,1792.0,1809.52,5.0,1.0,0.0,0.0,0.5,0.5,0.1666666666662877,1799,S,N
toby,toby_difficult_disagree_,post,3574.0,4000.0,425,426.0,4.176470588235294,90,1800.0,1.0,1798.0,1803.0,1791.48,1804.76,5.0,1.0,3.0395136778115526,0.3100303951367783,1.0,1.0,0.3999999999996362,1799,,S
