loco,side,x_W,n,median,p10,p90,abs_p90
otto,lead,0.0,16,65.25,59.5,76.5,76.5
otto,lead,0.25,16,24.5,15.0,37.5,37.5
otto,lead,0.5,16,5.0,0.0,13.5,13.5
otto,lead,0.75,16,-0.5,-4.5,11.0,11.0
otto,lead,1.0,16,-2.0,-8.5,5.0,10.0
otto,lead,1.25,16,-2.0,-5.5,2.0,8.5
otto,lead,1.5,16,-2.0,-4.5,1.0,4.5
otto,lead,1.75,16,-2.0,-4.0,0.0,4.0
otto,lead,2.0,16,-3.0,-6.5,-0.5,6.5
otto,lead,2.25,16,-2.0,-7.0,-0.5,7.0
otto,lead,2.5,16,-0.5,-3.0,0.5,3.0
otto,lead,2.75,16,-0.5,-3.0,1.5,4.5
otto,lead,3.0,16,-1.0,-2.0,1.5,3.5
otto,lead,3.25,16,-1.0,-6.0,1.0,6.0
otto,lead,3.5,16,-0.5,-3.5,1.0,5.5
otto,lead,3.75,16,0.0,-2.0,1.5,2.0
otto,lead,4.0,16,-1.0,-6.0,1.0,6.0
otto,lead,4.25,16,0.0,-4.5,1.25,5.0
otto,lead,4.5,16,1.0,-1.0,5.5,5.5
otto,lead,4.75,16,0.0,-1.0,2.0,2.5
otto,lead,5.0,16,-0.5,-5.0,1.5,5.25
otto,lead,5.25,15,0.0,-2.1999999999999997,2.799999999999999,5.799999999999999
otto,lead,5.5,14,0.0,-2.4,1.0,4.400000000000002
otto,lead,5.75,13,0.0,-5.0,0.8000000000000007,5.000000000000002
otto,lead,6.0,13,0.0,-4.199999999999999,0.8000000000000007,4.600000000000001
otto,lead,6.25,13,1.0,0.0,4.800000000000001,5.0
otto,lead,6.5,12,0.0,-5.85,4.9,5.9
otto,lead,6.75,12,0.0,-0.8999999999999999,0.9000000000000004,1.0
otto,lead,7.0,12,0.0,-5.6,0.9000000000000004,5.600000000000001
otto,lead,7.25,12,0.0,-1.9,5.9,6.0
otto,lead,7.5,12,1.0,-0.44999999999999996,1.9000000000000004,2.0
otto,lead,7.75,12,0.0,-1.95,0.4500000000000002,2.0
otto,trail,0.0,15,58.0,54.4,65.8,65.8
otto,trail,0.25,15,12.5,6.7,19.2,19.2
otto,trail,0.5,15,-3.0,-7.6,-1.7000000000000002,7.6
otto,trail,0.75,15,-8.0,-13.0,-4.0,13.0
otto,trail,1.0,15,-8.0,-13.0,-3.4000000000000004,13.0
otto,trail,1.25,15,-4.0,-9.799999999999999,-2.0,9.799999999999999
otto,trail,1.5,15,-4.0,-9.2,-2.0,9.2
otto,trail,1.75,15,-6.0,-10.6,-2.0,10.6
otto,trail,2.0,15,-2.0,-6.3999999999999995,0.1999999999999993,6.399999999999999
otto,trail,2.25,15,-2.0,-5.6,-0.40000000000000036,5.6
otto,trail,2.5,15,-3.0,-7.6,-1.0,7.6
otto,trail,2.75,15,-2.0,-6.6,-0.40000000000000036,6.6
otto,trail,3.0,15,-1.0,-3.5999999999999996,1.799999999999999,4.0
otto,trail,3.25,15,-1.0,-3.8,1.8999999999999995,4.6
otto,trail,3.5,15,-1.0,-3.5999999999999996,0.0,3.5999999999999996
otto,trail,3.75,15,-1.0,-4.8,0.0,5.6
otto,trail,4.0,15,0.0,-4.8,0.0,5.6
otto,trail,4.25,15,0.0,-2.5999999999999996,3.3999999999999986,5.6
otto,trail,4.5,15,-1.0,-4.199999999999999,0.0,4.199999999999999
otto,trail,4.75,15,0.0,-4.3999999999999995,1.2999999999999998,5.199999999999999
otto,trail,5.0,15,0.0,-5.6,0.5999999999999996,5.6
otto,trail,5.25,15,0.0,-1.7999999999999996,5.6,6.0
otto,trail,5.5,14,0.0,-1.0,0.0,2.400000000000002
otto,trail,5.75,14,0.0,-1.0,1.0500000000000016,1.3500000000000005
otto,trail,6.0,14,0.0,-2.4,1.0,4.400000000000002
otto,trail,6.25,14,0.0,-4.4,3.100000000000003,5.700000000000001
otto,trail,6.5,14,0.0,-1.7,0.7000000000000011,2.0
otto,trail,6.75,14,0.0,-6.0,1.700000000000001,6.0
otto,trail,7.0,14,0.0,-2.0,4.800000000000004,6.0
otto,trail,7.25,13,0.0,-1.9999999999999996,5.400000000000002,5.800000000000001
otto,trail,7.5,13,0.0,0.0,1.0,1.0
otto,trail,7.75,13,0.0,-1.7999999999999998,1.0,2.0
toby,lead,0.0,10,62.25,56.9,84.85,84.85
toby,lead,0.25,10,3.75,-3.6999999999999997,9.349999999999998,10.25
toby,lead,0.5,10,-11.0,-20.5,-9.0,20.5
toby,lead,0.75,10,-12.5,-18.5,-11.0,18.5
toby,lead,1.0,10,-10.5,-13.45,-8.9,13.45
toby,lead,1.25,10,-8.0,-11.0,-6.9,11.0
toby,lead,1.5,10,-6.5,-8.1,-5.0,8.1
toby,lead,1.75,10,-5.0,-6.2,-3.9000000000000004,6.199999999999999
toby,lead,2.0,10,-4.0,-5.2,-2.9000000000000004,5.199999999999999
toby,lead,2.25,10,-3.0,-4.1,-1.9000000000000004,4.1
toby,lead,2.5,10,-2.0,-3.1,-1.0,3.0999999999999996
toby,lead,2.75,10,-2.0,-3.0,-1.0,3.0
toby,lead,3.0,10,-1.5,-2.0,-1.0,2.0
toby,lead,3.25,10,-1.0,-2.0,0.0,2.0
toby,lead,3.5,10,0.0,-1.1,0.0,1.0999999999999996
toby,lead,3.75,10,-1.0,-1.0,0.09999999999999964,1.0
toby,lead,4.0,10,-1.0,-1.1,0.09999999999999964,1.0999999999999996
toby,lead,4.25,10,-0.5,-1.0,0.09999999999999964,1.0
toby,lead,4.5,9,0.0,-1.0,0.0,1.0
toby,lead,4.75,9,0.0,-1.0,0.0,1.0
toby,lead,5.0,9,0.0,-1.0,0.0,1.0
toby,lead,5.25,9,0.0,-1.0,0.0,1.0
toby,lead,5.5,9,0.0,0.0,0.0,0.0
toby,lead,5.75,9,0.0,-1.0,1.0,1.0
toby,lead,6.0,9,0.0,0.0,0.0,0.0
toby,lead,6.25,9,0.0,0.0,0.0,0.0
toby,lead,6.5,9,0.0,-0.19999999999999996,0.20000000000000018,1.0
toby,lead,6.75,9,0.0,-0.19999999999999996,1.0,1.0
toby,lead,7.0,8,1.0,0.0,1.0,1.0
toby,lead,7.25,7,1.0,0.0,1.0,1.0
toby,lead,7.5,7,0.0,0.0,1.0,1.0
toby,lead,7.75,7,1.0,0.0,1.4000000000000004,1.4000000000000004
toby,trail,0.0,10,66.0,60.0,86.2,86.2
toby,trail,0.25,10,17.75,15.8,19.2,19.2
toby,trail,0.5,10,1.0,-4.1,3.0999999999999996,4.1
toby,trail,0.75,10,-4.0,-7.0,-2.0,7.0
toby,trail,1.0,10,-4.5,-7.0,-3.0,7.0
toby,trail,1.25,10,-4.0,-5.55,-3.0,5.55
toby,trail,1.5,10,-3.5,-4.1,-2.8000000000000007,4.1
toby,trail,1.75,10,-3.0,-4.1,-2.0,4.1
toby,trail,2.0,10,-2.0,-3.0,-1.0,3.0
toby,trail,2.25,10,-2.0,-2.1,-1.0,2.0999999999999996
toby,trail,2.5,10,-2.0,-2.0,0.0,2.0
toby,trail,2.75,10,-1.0,-2.0,0.0,2.0
toby,trail,3.0,10,-1.0,-2.0,0.0,2.0
toby,trail,3.25,10,-1.0,-1.0,0.0,1.0
toby,trail,3.5,10,-1.0,-1.0,0.0,1.0
toby,trail,3.75,10,-1.0,-2.0,0.09999999999999964,2.0
toby,trail,4.0,10,-1.0,-1.1,0.0,1.0999999999999996
toby,trail,4.25,10,-0.5,-1.0,0.09999999999999964,1.0
toby,trail,4.5,10,-1.0,-1.0,0.09999999999999964,1.0
toby,trail,4.75,10,0.0,-1.0,0.09999999999999964,1.0
toby,trail,5.0,10,0.0,-1.0,0.09999999999999964,1.0
toby,trail,5.25,10,0.0,-0.09999999999999998,1.0,1.0
toby,trail,5.5,10,0.0,-0.09999999999999998,0.1999999999999993,1.0999999999999996
toby,trail,5.75,10,0.0,-0.09999999999999998,0.09999999999999964,1.0
toby,trail,6.0,10,0.0,-1.0,0.09999999999999964,1.0
toby,trail,6.25,10,0.0,-1.0,1.0,1.0
toby,trail,6.5,10,0.0,-1.0,1.0,1.0
toby,trail,6.75,9,-1.0,-1.2,1.2000000000000002,2.0
toby,trail,7.0,8,0.0,-1.5999999999999999,0.2999999999999998,1.5999999999999996
toby,trail,7.25,6,0.0,0.0,1.0,1.0
toby,trail,7.5,6,0.0,-0.5,0.0,0.5
toby,trail,7.75,6,0.0,-0.5,1.0,1.0
