loco,pol,side,pwm,W,lobe,lobe_x_ms,settle_ms,settle_W,seg
otto,N,lead,48,286.00100000000384,-4.0,290.99899999999616,292.0,1.0209754511347726,otto_low_pwm_N_seq
otto,N,trail,48,286.00100000000384,-10.0,227.0,497.99899999999616,1.741249156471444,otto_low_pwm_N_seq
otto,S,lead,65,166.00100000000384,-9.0,179.0,271.0,1.6325202860223356,otto_low_pwm_N_seq
otto,S,trail,65,166.00100000000384,-15.0,131.0020000000004,219.99899999999616,1.3252871970650242,otto_low_pwm_N_seq
otto,S,lead,77,133.19800000000396,-8.0,295.99899999999616,297.0,2.2297632096577362,otto_low_pwm_N_seq
otto,S,lead,90,97.46500000000378,-7.0,210.53499999999622,211.53600000000006,2.1703791104498213,otto_mid_pwm_N_seq
otto,S,trail,90,97.46500000000378,-12.0,176.99899999999616,297.0,3.047247729954224,otto_mid_pwm_N_seq
otto,N,lead,90,101.0,-7.0,97.0,260.0,2.5742574257425743,otto_mid_pwm_N_seq
otto,N,trail,90,101.0,-11.0,105.99899999999616,379.0,3.7524752475247523,otto_mid_pwm_N_seq
otto,S,lead,90,99.99899999999616,-10.0,102.0,221.00100000000384,2.2100321003211265,otto_mid_pwm_N_seq
otto,S,trail,90,99.99899999999616,-10.0,165.0,217.00100000000384,2.170031700317125,otto_mid_pwm_N_seq
otto,S,lead,60,178.00099999993108,-11.0,204.0,204.99900000006892,1.1516733052069836,otto_low_pwm_S_seq
otto,S,trail,60,178.00099999993108,-15.0,217.0,313.0,1.7584170875451328,otto_low_pwm_S_seq
otto,N,lead,60,60.0,-5.0,142.00099999993108,295.0,4.916666666666667,otto_low_pwm_S_seq
otto,S,lead,93,130.0,-2.0,120.0,121.0,0.9307692307692308,otto_high_pwm_N_se
otto,S,trail,93,130.0,-8.0,98.0,209.0,1.6076923076923078,otto_high_pwm_N_se
otto,N,lead,110,98.02100000018254,-4.0,138.0,245.00099999993108,2.4994746023757646,otto_high_pwm_N_se
otto,N,trail,110,98.02100000018254,-11.0,96.97899999981746,289.9779999998864,2.9583252568260514,otto_high_pwm_N_se
otto,N,lead,110,97.0,-6.0,161.00099999993108,199.00099999993108,2.051556701030217,otto_high_pwm_N_se
otto,N,trail,110,97.0,-14.0,100.0,313.0,3.2268041237113403,otto_high_pwm_N_se
otto,S,lead,90,105.99800000013784,-7.0,229.00299999956042,230.00199999986216,2.1698711296398336,otto_difficult_not
otto,S,trail,90,105.99800000013784,-8.0,352.0,352.99900000030175,3.3302420800377623,otto_difficult_not
otto,N,lead,90,99.99900000030175,-7.0,90.0,290.00099999969825,2.9000390003782353,otto_difficult_not
otto,N,trail,90,99.99900000030175,-10.0,104.00099999969825,256.00099999969825,2.560035600345261,otto_difficult_not
otto,N,lead,90,109.00099999969825,-6.0,90.99900000030175,178.0,1.6330125411738678,otto_difficult_not
otto,N,trail,90,109.00099999969825,-9.0,124.0,229.99900000030175,2.110063210437872,otto_difficult_not
otto,S,lead,0,275.0,-9.0,482.99900000030175,484.0,1.76,otto_difficult_no_
otto,S,trail,0,275.0,-16.0,226.00099999969825,344.00099999969825,1.25091272727163,otto_difficult_no_
otto,S,trail,90,109.99900000030175,-9.0,111.0,346.0,3.1454831407471966,otto_difficult_wro
otto,N,lead,90,116.00099999969825,-4.0,168.0,287.99900000030175,2.482728597176325,otto_difficult_wro
otto,N,trail,90,116.00099999969825,-14.0,115.99900000030175,533.0,4.594787975977677,otto_difficult_wro
toby,S,lead,63,189.0,-12.0,168.0,467.0,2.4708994708994707,toby_mid_pwm_S_t40
toby,S,trail,63,189.0,-3.0,146.0,147.0,0.7777777777777778,toby_mid_pwm_S_t40
toby,S,lead,76,90.0,-14.0,73.0,289.0,3.2111111111111112,toby_mid_pwm_S_t40
toby,S,lead,90,86.0,-11.0,55.0,214.0,2.488372093023256,toby_mid_pwm_N_t41
toby,S,trail,90,86.0,-4.0,97.0,170.0,1.9767441860465116,toby_mid_pwm_N_t41
toby,N,lead,90,86.0,-11.0,53.0,194.0,2.255813953488372,toby_mid_pwm_N_t41
toby,N,trail,90,86.0,-3.0,70.0,71.0,0.8255813953488372,toby_mid_pwm_N_t41
toby,N,lead,90,96.0,-12.0,61.0,197.0,2.0520833333333335,toby_mid_pwm_N_t41
toby,N,trail,90,96.0,-4.0,82.0,188.0,1.9583333333333333,toby_mid_pwm_N_t41
toby,S,lead,60,166.0,-11.0,122.0,475.0,2.86144578313253,toby_low_pwm_S_t43
toby,S,trail,60,166.0,-6.0,153.0,303.0,1.8253012048192772,toby_low_pwm_S_t43
toby,S,trail,60,146.0,-5.0,135.0,333.0,2.280821917808219,toby_low_pwm_N_t44
toby,N,lead,60,162.0,-16.0,104.0,443.0,2.734567901234568,toby_low_pwm_N_t44
toby,N,trail,60,162.0,-4.0,166.0,332.0,2.049382716049383,toby_low_pwm_N_t44
toby,S,lead,72,137.0,-19.0,95.0,312.0,2.2773722627737225,toby_difficult_dis
toby,S,trail,72,137.0,-7.0,112.0,298.0,2.1751824817518246,toby_difficult_dis
toby,N,lead,81,110.0,-25.0,58.0,312.0,2.8363636363636364,toby_difficult_dis
toby,N,trail,81,110.0,-7.0,79.0,277.0,2.518181818181818,toby_difficult_dis
toby,S,lead,88,102.0,-20.0,54.0,270.0,2.6470588235294117,toby_difficult_dis
toby,S,trail,88,102.0,-7.0,83.0,201.0,1.9705882352941178,toby_difficult_dis
