loco,seg,pol,pwm,W,pre_n,pre_W,M_pre,Q_post,post_n,seg_first,loco_first,rec_base,is_first_iv,P5,P10,P20,P30,P50,P75,P100,P150,P200,P300,P400,P600,naive_N50_D0,naive_N100_D0,naive_N50_D0.5,naive_N100_D0.5,naive_N50_D1,naive_N100_D1,naive_N50_D1.5,naive_N100_D1.5,naive_N50_D2,naive_N100_D2,naive_N50_D2.5,naive_N100_D2.5,naive_N50_D3,naive_N100_D3,naive_N50_D3.5,naive_N100_D3.5
otto,otto_low_pwm_N_seq3370,N,48,286.00100000000384,756,2.643347400883178,1932.0,1933.0,728,1932.0,1932.0,1932,True,1931.0,1931.0,1931.0,1931.0,1931.0,1931.0,1931.0,1931.0,1931.0,1931.0,1931.0,1932.0,36.5,28.0,6.0,1.0,-5.0,-3.0,-3.0,-2.0,-2.0,-2.0,-1.0,-1.0,-1.0,-1.0,-1.0,1.0
otto,otto_low_pwm_N_seq3370,S,65,166.00100000000384,728,4.38551574990502,1933.0,1934.0,577,1932.0,1932.0,1932,False,1942.0,1941.5,1935.0,1935.0,1935.0,1934.0,1934.0,1934.0,1934.0,1934.0,1934.0,1933.0,29.5,8.5,-1.0,-2.0,-3.0,-3.0,-2.0,-2.0,-8.0,-2.0,-2.0,-2.0,-1.0,-1.0,-0.0,-1.0
otto,otto_low_pwm_N_seq3370,S,77,133.19800000000396,577,4.331896875328329,1934.0,,0,1932.0,1932.0,1932,False,1934.0,1934.0,1934.0,1934.0,1934.0,1933.0,1934.0,1934.0,1934.0,1934.0,1934.0,,25.0,7.5,-2.0,-2.0,-2.0,-2.0,-1.0,-1.0,-8.0,-1.0,-0.0,-0.0,1.0,-1.0,-5.0,-0.0
otto,otto_mid_pwm_N_seq4188,S,90,97.46500000000378,323,3.3140101574923047,1934.0,1933.0,448,1934.0,1932.0,1932,True,1933.0,1933.0,1933.0,1934.0,1939.0,1935.0,1935.0,1935.0,1934.0,1934.0,,,22.0,7.0,-0.0,-1.0,-2.0,-1.0,-1.0,-2.0,-7.0,-0.0,1.0,-0.0,-5.0,-1.0,-0.0,-1.0
otto,otto_mid_pwm_N_seq4188,N,90,101.0,448,4.435643564356436,1933.0,1934.0,462,1934.0,1932.0,1932,False,1931.0,1932.0,1932.5,1932.0,1932.0,1932.0,1932.0,1932.0,1933.0,1933.0,1933.0,,18.0,6.5,-4.0,-3.0,3.0,-2.0,-3.0,-2.0,4.0,-1.0,-2.0,-1.0,0.0,-1.0,-1.0,0.0
otto,otto_mid_pwm_N_seq4188,S,90,99.99899999999616,462,4.620046200462182,1934.0,1933.0,385,1934.0,1932.0,1932,False,1934.0,1933.0,1933.0,1934.0,1935.0,1933.0,1933.0,1934.5,1933.0,1933.0,1933.0,,16.0,4.5,-0.0,-2.0,-5.0,-2.0,-2.0,-2.0,-5.0,-0.0,-0.0,-0.0,-1.0,0.5,1.0,-0.0
otto,otto_low_pwm_S_seq1118,S,60,178.00099999993108,1221,6.859512025215997,1935.0,1934.0,762,1935.0,1932.0,1935,True,1934.0,1934.0,1935.0,1934.0,1934.0,1935.0,1935.0,1934.0,1935.0,1934.0,1934.0,1934.0,31.5,15.5,-0.5,-1.0,-1.0,-1.0,-1.0,-1.0,-3.5,-0.0,-0.0,-0.0,-5.5,-0.0,1.0,-0.0
otto,otto_low_pwm_S_seq1118,N,60,178.00099999993108,762,4.280874826547576,1934.0,,0,1935.0,1932.0,1935,False,1933.0,1933.0,1933.0,1933.0,1933.0,1933.0,1933.0,1933.0,1933.0,1934.0,1934.0,1934.0,32.0,17.0,-3.0,-3.0,-4.0,-4.0,2.5,-2.0,4.0,-1.0,-2.0,-1.0,-1.0,-1.0,-1.0,-1.0
otto,otto_high_pwm_N_seq117,S,93,130.0,1437,11.053846153846154,1934.0,1934.0,585,1934.0,1932.0,1935,True,1935.0,1935.0,1935.0,1935.0,1935.0,1935.0,1935.0,1935.0,1935.0,1935.0,1935.0,1935.0,27.5,11.0,-1.0,-2.0,-2.0,-2.0,-2.0,-2.0,-2.0,-1.0,-1.0,-1.0,-1.0,-1.0,-1.0,-1.0
otto,otto_high_pwm_N_seq117,N,110,98.02100000018254,585,5.968108874617792,1934.0,1933.0,417,1934.0,1932.0,1935,False,1933.0,1932.0,1932.0,1933.0,1933.0,1933.0,1933.0,1933.0,1933.0,1933.0,1934.0,,29.0,6.5,2.0,-1.0,-3.0,-3.0,-3.0,-3.0,-2.5,-2.0,-2.0,-1.0,-1.0,-1.0,-1.0,-1.0
otto,otto_high_pwm_N_seq117,N,110,97.0,417,4.298969072164948,1933.0,1935.0,455,1934.0,1932.0,1935,False,1938.0,1938.0,1939.0,1939.0,1937.5,1934.0,1934.0,1934.0,1933.0,1933.0,1933.0,,19.5,6.0,4.0,-1.0,-4.0,-3.0,-2.5,-2.0,-2.0,-2.0,-2.0,0.0,0.0,0.5,1.0,0.0
otto,otto_difficult_not_a_m,S,90,105.99800000013784,225,2.1226815600266744,1903.0,1901.0,496,1903.0,1932.0,1935,True,1907.0,1908.5,1909.0,1909.0,1908.5,1904.0,1903.0,1904.0,1903.0,,,,22.0,6.0,-0.0,-1.0,-1.0,-1.0,-0.0,-1.0,-6.0,-0.0,1.0,-0.0,-0.0,-0.0,-0.0,-0.0
otto,otto_difficult_not_a_m,N,90,99.99900000030175,496,4.960049600481038,1901.0,1901.0,620,1903.0,1932.0,1935,False,1900.0,1900.5,1901.0,1901.0,1900.5,1901.0,1901.0,1901.0,1901.0,1901.0,1901.0,,15.0,2.5,-6.0,-6.0,-6.0,-4.0,-3.0,-3.0,-2.0,-2.0,-1.0,-1.0,0.0,0.0,0.0,0.0
otto,otto_difficult_not_a_m,N,90,109.00099999969825,620,5.688021210830326,1901.0,1901.0,145,1903.0,1932.0,1935,False,1899.0,1899.0,1900.0,1900.0,1900.0,1901.0,1901.0,1901.0,1901.0,1901.0,1901.0,1901.0,9.5,3.0,-4.5,-4.0,-4.0,-2.5,3.5,-2.0,-2.0,-1.0,5.0,0.0,-1.0,0.0,2.0,0.0
otto,otto_difficult_no_posi,S,0,275.0,665,2.418181818181818,1903.0,1902.0,1136,1903.0,1932.0,1935,True,1902.0,1903.5,1904.0,1904.0,1904.0,1904.0,1904.0,1904.0,1904.0,1904.0,1904.0,1903.0,47.0,39.5,16.0,14.0,-1.0,1.0,-1.0,-1.0,-1.0,-1.0,-1.0,-1.0,-0.0,-1.0,-0.0,-1.0
otto,otto_difficult_wrong_m,S,90,109.99900000030175,121,1.1000100000878923,1902.0,1901.0,518,1902.0,1932.0,1935,True,1903.0,1903.0,1903.0,1903.0,1902.5,1903.0,1902.0,,,,,,30.0,13.0,2.0,-1.0,-2.0,-2.0,-2.0,-2.0,-2.0,-2.0,-1.0,-1.0,-0.0,-0.0,-0.0,
otto,otto_difficult_wrong_m,N,90,116.00099999969825,518,4.4654787458844964,1901.0,1902.0,1556,1902.0,1932.0,1935,False,1900.0,1898.5,1899.0,1899.0,1899.0,1899.0,1899.0,1899.0,1899.0,1899.0,1900.0,,29.5,11.0,2.0,-0.5,-3.0,-4.0,-4.0,-3.0,-2.5,-2.0,-2.0,-2.0,-2.0,-2.0,-2.0,-2.0
toby,toby_mid_pwm_S_t409264,S,63,189.0,1373,7.264550264550264,1799.0,1799.0,447,1799.0,1799.0,1798,True,1799.0,1799.0,1799.0,1799.0,1799.0,1799.0,1799.5,1800.0,1800.0,1799.0,1799.0,1799.0,24.0,4.0,-11.0,-11.0,-9.0,-8.0,-6.0,-5.0,-3.0,-3.0,-2.0,-1.0,-1.0,-0.0,-0.0,-1.0
toby,toby_mid_pwm_S_t409264,S,76,189.0,447,2.365079365079365,1799.0,,0,1799.0,1799.0,1798,False,1798.0,1798.5,1798.0,1798.0,1799.0,1799.0,1799.0,1799.0,1799.0,1799.0,1799.0,,7.0,-11.5,-10.0,-9.0,-4.5,-4.0,-2.0,-1.0,-1.0,-1.0,-0.0,-0.0,-0.0,-0.0,-0.0,-0.0
toby,toby_mid_pwm_N_t415952,S,90,86.0,642,7.465116279069767,1799.0,1798.0,418,1799.0,1799.0,1798,True,1800.0,1799.0,1799.0,1799.0,1799.0,1799.0,1799.0,1799.0,1799.0,1799.0,1799.0,1799.0,1.0,-9.0,-10.0,-8.0,-7.0,-6.0,-5.0,-3.0,-3.0,-2.0,-2.0,-1.0,-0.0,-0.0,-0.0,-0.0
toby,toby_mid_pwm_N_t415952,N,90,86.0,418,4.8604651162790695,1798.0,1797.0,379,1799.0,1799.0,1798,False,1797.0,1797.5,1798.0,1798.0,1798.0,1798.0,1798.0,1798.0,1798.0,1798.0,1798.0,,1.5,-9.0,-10.5,-8.0,-7.0,-5.0,-4.0,-3.0,-2.0,-1.0,-1.0,-1.0,-0.5,0.0,0.0,0.0
toby,toby_mid_pwm_N_t415952,N,90,96.0,379,3.9479166666666665,1797.0,1799.0,531,1799.0,1799.0,1798,False,1797.0,1797.5,1797.5,1798.0,1798.0,1797.0,1797.0,1797.0,1797.5,1798.0,,,3.0,-8.0,-10.0,-7.0,-5.0,-3.0,-2.0,-1.0,-1.0,0.0,0.0,0.0,0.0,0.0,0.0,0.0
toby,toby_low_pwm_S_t437078,S,60,166.0,1443,8.69277108433735,1798.0,1800.0,1295,1798.0,1799.0,1798,True,1799.0,1799.0,1800.0,1799.0,1799.0,1799.0,1799.0,1799.0,1799.0,1799.0,1799.0,1799.0,23.0,2.0,-11.0,-11.0,-9.0,-9.0,-6.0,-5.0,-4.0,-3.0,-3.0,-2.0,-2.0,-1.0,-1.0,-1.0
toby,toby_low_pwm_N_t442867,N,60,162.0,727,4.487654320987654,1799.0,1799.0,1315,1799.0,1799.0,1798,True,1798.0,1797.0,1797.0,1797.0,1798.0,1798.0,1797.0,1798.0,1798.0,1798.0,1798.0,1798.0,16.5,-7.0,-15.0,-14.0,-9.0,-7.0,-6.0,-5.0,-3.5,-3.0,-2.0,-2.0,-2.0,-2.0,-1.0,-2.0
toby,toby_difficult_disagre,S,72,137.0,125,0.9124087591240876,1800.0,1799.0,473,1800.0,1799.0,1799,True,1801.0,1801.0,1801.0,1801.0,1800.5,1800.0,1800.0,,,,,,2.5,-16.5,-18.0,-14.0,-8.0,-7.0,-5.5,-4.5,-3.0,-3.0,-2.0,-2.0,-1.0,-1.0,-0.0,-0.0
toby,toby_difficult_disagre,N,81,110.0,473,4.3,1799.0,1799.0,349,1800.0,1799.0,1799,False,1797.0,1798.0,1798.5,1798.5,1799.0,1799.0,1799.0,1799.0,1799.0,1799.0,1799.0,,-18.5,-22.0,-22.0,-17.5,-10.5,-8.0,-6.0,-5.0,-3.0,-3.0,-2.5,-2.0,-1.0,-1.0,0.0,0.0
toby,toby_difficult_disagre,S,88,102.0,349,3.4215686274509802,1799.0,1800.0,425,1800.0,1799.0,1799,False,1801.0,1800.0,1800.5,1800.0,1800.0,1800.0,1800.0,1800.0,1799.5,1799.0,,,-9.0,-15.5,-17.0,-10.5,-8.0,-7.0,-5.0,-4.0,-3.0,-2.0,-2.0,-2.0,-1.5,-1.0,-1.0,-1.0
