loco,N,p50,p95,max,windows
otto,5,1.0,8.0,11.0,3898
otto,10,1.0,7.5,10.5,3876
otto,20,1.0,7.0,10.5,3832
otto,30,1.0,7.0,11.0,3788
otto,50,1.0,6.0,8.5,3700
otto,75,1.0,4.0,8.0,3590
otto,100,0.5,2.0,3.0,3480
otto,150,0.5,2.0,6.0,3260
otto,200,0.5,2.0,3.0,3042
otto,300,0.5,2.0,3.0,2632
otto,400,1.0,2.0,3.0,2258
otto,600,1.0,2.0,3.5,1570
toby,5,1.0,2.0,10.0,2544
toby,10,0.5,1.5,9.5,2530
toby,20,0.5,1.5,7.5,2502
toby,30,0.0,2.0,4.0,2474
toby,50,0.0,2.0,3.0,2418
toby,75,0.0,2.0,3.0,2348
toby,100,0.5,2.0,4.0,2278
toby,150,0.5,2.0,5.0,2138
toby,200,1.0,2.0,5.0,1998
toby,300,1.0,2.0,6.0,1724
toby,400,1.0,3.0,7.0,1464
toby,600,1.0,3.0,8.0,979
