clock,det_ms,det_idx,mm,pwm,station,side,level,mad,n,first_ms,last_ms,local_ref,reference,shadow_ref,log_lines
11:25:53.256,31610,0,40,68,IDLE,pre,1906,1,271,-462,-192,1894,1903,1904,3540 3541 3542
11:26:08.786,47140,12,28,105,IDLE,pre,1904,0,268,-462,-195,1904,1903,1904,3715 3716 3717
11:26:08.786,47140,12,28,105,IDLE,tail,1903,1,115,236,350,1904,1903,1904,3715 3716 3717
11:26:23.806,62154,22,18,60,ZONE,pre,1905,1,263,-462,-200,1895,1903,1904,3881 3882 3883
11:27:33.766,132123,39,1,90,IDLE,pre,1904,0,320,-462,-143,1907,1903,1904,4572 4573 4574
11:27:50.450,148811,49,162,60,ZONE,pre,1903,1,260,-462,-203,1911,1903,1904,4752 4753 4754
11:28:46.002,204362,55,156,66,DEPART,pre,1903,2,305,-462,-158,1895,1903,1901,5255 5256 5257
11:29:01.532,219888,67,144,90,IDLE,pre,1919,1,336,-462,-127,1909,1903,1919,5449 5450 5451
11:29:16.959,235317,79,132,90,IDLE,pre,1973,1,297,-462,-166,1957,1903,1974,5617 5618 5619
11:29:16.959,235317,79,132,90,IDLE,tail,1973,2,88,263,350,1957,1903,1974,5617 5618 5619
11:29:31.752,250114,91,120,90,IDLE,pre,1984,0,339,-462,-124,1970,1903,1984,5849 5850 5851
11:29:31.752,250114,91,120,90,IDLE,tail,1983,1,92,259,350,1970,1903,1984,5849 5850 5851
11:29:33.020,251366,92,119,90,IDLE,pre,1984,0,177,-462,-286,1970,1903,1984,5796 5797 5798
11:29:33.020,251366,92,119,90,IDLE,tail,1983,1,97,254,350,1970,1903,1984,5796 5797 5798
11:29:34.163,252522,93,118,88,APPROACH,pre,1985,1,248,-462,-140,1971,1903,1984,5843 5844 5845
11:29:34.163,252522,93,118,88,APPROACH,tail,1985,1,84,267,350,1971,1903,1984,5843 5844 5845
11:29:35.304,253662,94,117,82,APPROACH,pre,1989,1,259,-461,-143,1970,1903,1984,5840 5841 5842
11:29:36.225,254581,95,117,68,IDLE,pre,1990,1,249,-348,-100,1975,1903,1989,5837 5838 5839
11:36:21.585,659944,109,103,90,IDLE,pre,1963,1,258,-429,-172,1967,1903,1965,9087 9088 9089
11:36:37.676,676035,122,90,90,IDLE,pre,1966,1,142,-462,-168,1971,1903,1966,9273 9274 9275
11:36:52.862,691219,135,77,90,IDLE,pre,1984,0,157,-462,-148,1969,1903,1984,9445 9446 9447
11:37:08.669,707030,148,64,70,ZERO_RAMP,pre,1990,1,304,-462,-159,1985,1903,1987,9624 9625 9626
11:37:08.669,707030,148,64,70,ZERO_RAMP,tail,1994,1,62,289,350,1985,1903,1987,9624 9625 9626
11:37:10.557,708912,149,63,60,ZERO_RAMP,pre,1985,2,290,-459,-170,1991,1903,1989,10061 10062 10063
11:37:12.567,710923,150,62,50,ZERO_RAMP,pre,1997,2,140,-343,-204,1986,1903,1991,10058 10059 10060
11:37:58.090,756444,153,60,71,IDLE,pre,1984,0,303,-462,-160,1977,1903,1984,10049 10050 10051
11:37:58.090,756444,153,60,71,IDLE,tail,1989,1,55,296,350,1977,1903,1984,10049 10050 10051
11:40:16.794,895155,159,57,66,IDLE,pre,1949,1,253,-451,-199,1939,1903,1948,11212 11213 11214
11:40:47.783,926139,185,31,105,IDLE,pre,1946,1,209,-357,-149,1946,1903,1945,11563 11564 11565
11:40:47.783,926139,185,31,105,IDLE,tail,1943,2,127,224,350,1946,1903,1945,11563 11564 11565
11:41:03.384,941733,197,19,60,ZONE,pre,1950,1,273,-462,-190,1937,1903,1948,11744 11745 11746
11:41:58.796,997155,203,13,79,DEPART,pre,1936,0,292,-462,-171,1945,1903,1936,12255 12256 12257
11:42:13.913,1012271,215,1,90,IDLE,pre,1946,1,159,-318,-160,1949,1903,1947,12435 12436 12437
11:42:13.913,1012271,215,1,90,IDLE,tail,1943,1,82,259,340,1949,1903,1947,12435 12436 12437
11:42:30.194,1028553,225,162,60,ZONE,pre,1946,1,255,-462,-208,1956,1903,1947,12615 12616 12617
11:43:25.100,1083458,231,156,63,DEPART,pre,1942,1,177,-378,-202,1933,1903,1939,13116 13117 13118
11:43:40.402,1098758,243,144,90,IDLE,pre,1945,2,322,-462,-141,1947,1903,1945,13299 13300 13301
11:43:40.402,1098758,243,144,90,IDLE,tail,1941,2,126,225,350,1947,1903,1945,13299 13300 13301
11:43:55.566,1113921,255,132,90,IDLE,pre,1943,2,180,-327,-148,1947,1903,1947,13467 13468 13469
11:44:11.347,1129698,268,119,90,IDLE,pre,1947,1,283,-445,-163,1944,1903,1946,13646 13647 13648
11:44:11.347,1129698,268,119,90,IDLE,tail,1945,1,42,309,350,1944,1903,1946,13646 13647 13648
11:44:26.926,1145280,277,110,60,ZONE,pre,1944.5,1.5,184,-447,-158,1950,1903,1946,13812 13813 13814
11:45:32.503,1210859,293,94,90,IDLE,pre,1947,1,200,-348,-149,1945,1903,1947,14455 14456 14457
11:45:48.190,1226545,306,81,90,IDLE,tail,1943,2,112,239,350,1943,1903,1946,14634 14635 14636
11:46:03.331,1241687,320,67,72,ZONE,pre,1953,1,296,-462,-167,1943,1903,1952,14816 14817 14818
11:46:09.732,1248090,324,63,60,ZERO_RAMP,pre,1948,1,211,-462,-252,1951,1903,1950,15298 15299 15300
11:46:11.754,1250112,325,62,50,ZERO_RAMP,pre,1953,1,194,-462,-269,1942,1903,1951,15295 15296 15297
11:46:54.653,1293008,327,60,48,IDLE,pre,2141,1,177,-462,-286,2121,1903,2141,15251 15252 15253
11:46:57.289,1295643,328,60,72,IDLE,pre,1952,1,131,-296,-166,1944,1903,1950,15286 15287 15288
11:51:47.345,1585697,329,59,69,IDLE,pre,1947,1,121,-342,-222,1956,1903,1950,17574 17575 17576
11:52:19.311,1617669,356,32,105,IDLE,pre,1949,1,153,-269,-117,1945,1903,1950,17936 17937 17938
11:52:19.311,1617669,356,32,105,IDLE,tail,1950,1,43,286,328,1945,1903,1950,17936 17937 17938
11:53:46.471,1704824,387,1,90,IDLE,pre,1951,1,317,-461,-145,1948,1903,1951,18818 18819 18820
11:54:02.687,1721044,397,162,60,ZONE,pre,1950,1,238,-462,-225,1959,1903,1951,19002 19003 19004
11:55:12.828,1791186,415,144,90,IDLE,pre,1950,1,309,-462,-154,1948,1903,1949,19687 19688 19689
11:55:12.828,1791186,415,144,90,IDLE,tail,1947,2,54,297,350,1948,1903,1949,19687 19688 19689
11:55:27.859,1806211,427,132,90,IDLE,pre,1951,1,310,-462,-153,1948,1903,1952,19855 19856 19857
11:55:27.859,1806211,427,132,90,IDLE,tail,1946,1,71,239,350,1948,1903,1952,19855 19856 19857
11:55:58.834,1837188,449,110,60,ZONE,pre,1950,1,267,-462,-196,1958,1903,1951,20196 20197 20198
11:57:03.974,1902331,465,94,90,IDLE,pre,1950,2,166,-457,-146,1948,1903,1952,20829 20830 20831
11:57:34.869,1933229,492,67,72,ZONE,pre,1957,1,280,-462,-183,1949,1903,1955,21190 21191 21192
11:57:41.307,1939663,496,63,60,ZERO_RAMP,pre,1953,1,158,-462,-305,1954,1903,1954,21673 21674 21675
11:57:43.296,1941655,497,62,50,ZERO_RAMP,pre,1957,1,179,-462,-284,1947,1903,1955,21670 21671 21672
11:58:28.868,1987227,500,60,72,IDLE,pre,1957,1,252,-419,-168,1948,1903,1955,21661 21662 21663
12:02:03.421,2201768,514,46,90,IDLE,pre,1959,1,180,-462,-283,1954,1903,1959,23419 23420 23421
12:02:18.436,2216796,527,33,96,IDLE,pre,1959,1,211,-462,-252,1954,1903,1959,23591 23592 23593
12:02:18.436,2216796,527,33,96,IDLE,tail,1963,1,40,311,350,1954,1903,1959,23591 23592 23593
12:02:34.189,2232543,540,20,69,ZONE,pre,1963,1,152,-337,-186,1951,1903,1959,23776 23777 23778
12:03:46.725,2305085,559,1,90,IDLE,pre,1959,1,160,-298,-139,1958,1903,1961,24488 24489 24490
12:04:03.111,2321467,569,162,60,ZONE,pre,1959,1,227,-462,-236,1967,1903,1959,24668 24669 24670
12:05:13.362,2391720,587,144,90,IDLE,pre,1963,1,320,-462,-143,1959,1903,1963,25353 25354 25355
12:05:13.362,2391720,587,144,90,IDLE,tail,1958,1,75,237,311,1959,1903,1963,25353 25354 25355
12:05:28.411,2406768,599,132,90,IDLE,pre,1963,2,248,-462,-156,1959,1903,1965,25521 25522 25523
12:05:28.411,2406768,599,132,90,IDLE,tail,1958,1,103,248,350,1959,1903,1965,25521 25522 25523
12:05:44.073,2422426,612,119,90,IDLE,tail,1963,1,60,246,305,1962,1903,1966,25700 25701 25702
12:05:59.531,2437885,621,110,60,ZONE,pre,1967,1,138,-462,-179,1971,1903,1968,25862 25863 25864
12:07:04.730,2503093,637,94,90,IDLE,pre,1954,1,133,-462,-330,1952,1903,1954,26497 26498 26499
12:07:04.730,2503093,637,94,90,IDLE,tail,1950,1,115,236,350,1952,1903,1954,26497 26498 26499
12:07:20.299,2518660,650,81,90,IDLE,pre,1953,1,311,-462,-152,1953,1903,1953,26676 26677 26678
12:07:41.690,2540054,668,63,60,ZERO_RAMP,pre,1953,1,306,-462,-157,1955,1903,1954,27365 27366 27367
12:07:43.754,2542118,669,62,50,ZERO_RAMP,pre,1959,2,202,-462,-261,1948,1903,1957,27362 27363 27364
12:08:27.066,2585422,671,60,55,IDLE,tail,1951,1,200,151,350,2019,1903,2043,27356 27357 27358
12:11:01.927,2740282,673,59,70,IDLE,pre,1958,1,167,-462,-296,1963,1903,1959,28574 28575 28576
12:11:17.948,2756300,686,46,90,IDLE,pre,1963,0,163,-462,-300,1957,1903,1963,28753 28754 28755
12:11:17.948,2756300,686,46,90,IDLE,tail,1966,1,110,241,350,1957,1903,1963,28753 28754 28755
